Nombre,Email,Genero,Pais,FechaRegistro
Pilar Arévalo Palomares,pilar.arevalo.palomares@example.com,Femenino,Armenia,2025-02-07
Che Escribano Peñas,che.escribano.penas@example.com,Femenino,República de Corea,2025-03-12
Rosalva Méndez-Pallarès,rosalva.mendez-pallares@example.com,Masculino,Bangladesh,2024-11-01
Imelda Benavent Barrios,imelda.benavent.barrios@example.com,Masculino,Paraguay,2024-07-15
Adalberto Cañas Pereira,adalberto.canas.pereira@example.com,Masculino,Georgia,2025-04-06
Perlita Casals,perlita.casals@example.com,Femenino,República Unida de Tanzanía,2023-11-30
Claudia Alberola Ferreras,claudia.alberola.ferreras@example.com,Masculino,Mauritania,2025-04-07
Mariano de Fiol,mariano.de.fiol@example.com,Femenino,Honduras,2025-10-26
Florencio Roberto Rosselló Navas,florencio.roberto.rossello.navas@example.com,Femenino,Eritrea,2024-08-07
Amarilis Barroso Feliu,amarilis.barroso.feliu@example.com,Femenino,Guyana,2024-12-25
Óscar Morillo,oscar.morillo@example.com,Masculino,Armenia,2024-11-07
Constanza Alcalá,constanza.alcala@example.com,Masculino,Liechtenstein,2024-09-14
Nayara Tejero,nayara.tejero@example.com,Masculino,Polonia,2025-09-25
Godofredo Bernad-Palacio,godofredo.bernad-palacio@example.com,Femenino,Perú,2025-08-31
Sosimo del Benítez,sosimo.del.benitez@example.com,Femenino,Madagascar,2025-04-24
Edelmira Muñoz Murillo,edelmira.munoz.murillo@example.com,Masculino,Polonia,2025-02-17
Alberto Tirado,alberto.tirado@example.com,Masculino,Irán,2024-08-30
Cayetano Osorio Alemany,cayetano.osorio.alemany@example.com,Femenino,Benin,2025-09-20
Palmira Espejo Morcillo,palmira.espejo.morcillo@example.com,Masculino,Guatemala,2025-10-24
Silvia Blanca-Luján,silvia.blanca-lujan@example.com,Femenino,Djibouti,2025-04-02
Leocadia Marin Zapata,leocadia.marin.zapata@example.com,Masculino,Samoa,2025-04-20
Jorge de Gilabert,jorge.de.gilabert@example.com,Femenino,Papua Nueva Guinea,2025-09-02
Marcio Dalmau,marcio.dalmau@example.com,Femenino,Sudán del Sur,2025-02-16
Albina Marí Raya,albina.mari.raya@example.com,Masculino,Bahamas,2024-04-17
Juan Antonio Neira Madrid,juan.antonio.neira.madrid@example.com,Masculino,Madagascar,2025-08-15
Constanza Prado Tirado,constanza.prado.tirado@example.com,Femenino,Sri Lanka,2024-02-18
Octavio Palomino Pou,octavio.palomino.pou@example.com,Masculino,Tonga,2024-10-29
Dulce de Macías,dulce.de.macias@example.com,Masculino,Reino Unido de Gran Bretaña e Irlanda del Norte,2025-11-14
Urbano Sáez,urbano.saez@example.com,Masculino,Colombia,2025-02-11
Sara Delgado Pedro,sara.delgado.pedro@example.com,Femenino,Gambia,2024-05-17
Custodio Esteve Cáceres,custodio.esteve.caceres@example.com,Femenino,Italia,2023-12-11
Emigdio Mena Piquer,emigdio.mena.piquer@example.com,Masculino,Panamá,2024-01-26
Valeria Arroyo-Pallarès,valeria.arroyo-pallares@example.com,Masculino,Albania,2025-01-02
Petrona Felisa Galan Ferrándiz,petrona.felisa.galan.ferrandiz@example.com,Masculino,México,2024-06-05
Magdalena Somoza Marti,magdalena.somoza.marti@example.com,Masculino,Armenia,2024-01-25
Valero Pascual Prats,valero.pascual.prats@example.com,Femenino,Chipre,2024-10-08
Ceferino Nicolau Llanos,ceferino.nicolau.llanos@example.com,Femenino,Finlandia,2024-10-27
Pascual Nazaret Pera Delgado,pascual.nazaret.pera.delgado@example.com,Femenino,Mauricio,2025-05-29
Lucho Juan-Prada,lucho.juan-prada@example.com,Femenino,Italia,2024-08-26
Ileana Monreal Garay,ileana.monreal.garay@example.com,Masculino,República Democrática Popular Lao,2025-03-30
Felisa Comas Ojeda,felisa.comas.ojeda@example.com,Masculino,Maldivas,2025-11-18
Ana Belén Cánovas Pazos,ana.belen.canovas.pazos@example.com,Masculino,España,2024-04-14
Isabela Mata Caballero,isabela.mata.caballero@example.com,Masculino,Rumania,2024-07-13
Ani Bernal Alcántara,ani.bernal.alcantara@example.com,Femenino,Bahrein,2024-06-28
Piedad Casado,piedad.casado@example.com,Masculino,Vanuatu,2024-09-11
Matilde Dorotea Barbero Larrañaga,matilde.dorotea.barbero.larranaga@example.com,Masculino,Seychelles,2024-12-22
Verónica Pereira Jove,veronica.pereira.jove@example.com,Femenino,Chad,2025-09-21
Marta Luisina Neira Miguel,marta.luisina.neira.miguel@example.com,Femenino,Paraguay,2024-10-06
Nadia Guerra Aramburu,nadia.guerra.aramburu@example.com,Femenino,Malasia,2025-08-14
Heraclio Bonifacio Giménez Diéguez,heraclio.bonifacio.gimenez.dieguez@example.com,Masculino,Belarús,2025-11-09
Fortunato Juan Pablo Gibert Blázquez,fortunato.juan.pablo.gibert.blazquez@example.com,Femenino,Azerbaiyán,2025-02-14
Marco del Santana,marco.del.santana@example.com,Masculino,Angola,2024-03-06
Inmaculada Almazán Rivera,inmaculada.almazan.rivera@example.com,Femenino,Uzbekistán,2024-09-03
Marcelino Peinado,marcelino.peinado@example.com,Masculino,Gabón,2025-08-21
Nando Cruz Oliveras Alberto,nando.cruz.oliveras.alberto@example.com,Femenino,Túnez,2024-02-21
Poncio Ortega Ibarra,poncio.ortega.ibarra@example.com,Masculino,Reino Unido de Gran Bretaña e Irlanda del Norte,2025-10-10
Feliciano Lucio Quirós Pino,feliciano.lucio.quiros.pino@example.com,Femenino,Mali,2024-10-29
Filomena Cisneros Tamarit,filomena.cisneros.tamarit@example.com,Femenino,Líbano,2024-01-31
Eva Andrea Alemán Bauzà,eva.andrea.aleman.bauza@example.com,Femenino,República de Macedonia del Norte,2025-10-22
Nuria Cabañas Bermudez,nuria.cabanas.bermudez@example.com,Masculino,Francia,2024-06-26
Loreto Arenas-Solano,loreto.arenas-solano@example.com,Femenino,Eslovaquia,2025-10-15
Ignacia Pinto,ignacia.pinto@example.com,Femenino,Bhután,2025-09-02
Isidoro Tormo Riera,isidoro.tormo.riera@example.com,Masculino,Vietman,2025-05-06
Lupita Guerrero Sedano,lupita.guerrero.sedano@example.com,Masculino,República de Moldova,2023-12-27
Nazaret Yuste,nazaret.yuste@example.com,Masculino,Túnez,2024-05-13
Conrado Rodríguez Quintanilla,conrado.rodriguez.quintanilla@example.com,Masculino,Mali,2025-10-28
Cristian Galván Giménez,cristian.galvan.gimenez@example.com,Masculino,Bulgaria,2024-05-05
Camila Vega,camila.vega@example.com,Femenino,Botswana,2024-06-17
Loreto Andrés Montesinos,loreto.andres.montesinos@example.com,Masculino,Eslovenia,2024-09-01
Marcos Bustos Pardo,marcos.bustos.pardo@example.com,Femenino,Sudán,2025-05-27
Ángel Nicolau Querol,angel.nicolau.querol@example.com,Femenino,Sudáfrica,2024-09-28
Diego Pedrero Palma,diego.pedrero.palma@example.com,Masculino,Ghana,2024-10-18
Telmo Castelló Galán,telmo.castello.galan@example.com,Femenino,Maldivas,2025-05-18
Dulce Fiol Fuster,dulce.fiol.fuster@example.com,Femenino,Trinidad y Tabago,2024-04-25
Candelaria Aparicio Corral,candelaria.aparicio.corral@example.com,Masculino,Dinamarca,2023-12-07
Alicia de Ortiz,alicia.de.ortiz@example.com,Masculino,Islas Marshall,2025-02-10
Iris Espada Arco,iris.espada.arco@example.com,Femenino,Côte d'Ivoire,2025-03-17
Hilario Ramírez Pintor,hilario.ramirez.pintor@example.com,Masculino,Panamá,2024-10-15
Lucía Núñez-Pombo,lucia.nunez-pombo@example.com,Masculino,República Árabe Siria,2025-09-19
Ana Sarita Ferrándiz Puerta,ana.sarita.ferrandiz.puerta@example.com,Femenino,República Centroafricana,2024-10-13
Feliciano Andrés Conesa,feliciano.andres.conesa@example.com,Femenino,Belarús,2025-04-30
Lupita Pineda-Gilabert,lupita.pineda-gilabert@example.com,Masculino,Islas Salomón,2025-02-04
Lupe Espinosa Ríos,lupe.espinosa.rios@example.com,Femenino,Georgia,2025-06-13
Tania Uribe-Benitez,tania.uribe-benitez@example.com,Masculino,España,2024-03-31
Eloísa Alejandra Goicoechea Nadal,eloisa.alejandra.goicoechea.nadal@example.com,Masculino,Nicaragua,2024-05-10
Duilio Varela Pera,duilio.varela.pera@example.com,Femenino,Grecia,2024-05-09
Pastor Avilés Dueñas,pastor.aviles.duenas@example.com,Femenino,Uruguay,2024-08-10
David de Gallego,david.de.gallego@example.com,Masculino,Brasil,2025-11-02
Encarna Molina Corral,encarna.molina.corral@example.com,Femenino,Dinamarca,2024-12-09
Blas Benavente,blas.benavente@example.com,Femenino,Zimbabwe,2025-11-13
Lucho Prats Sarabia,lucho.prats.sarabia@example.com,Masculino,Sudán,2024-03-24
Narcisa Jenny Jiménez Palau,narcisa.jenny.jimenez.palau@example.com,Masculino,Andorra,2025-04-15
Natividad de Barceló,natividad.de.barcelo@example.com,Masculino,Mozambique,2023-12-26
Pelayo Pascual Vicens,pelayo.pascual.vicens@example.com,Femenino,Jamaica,2025-08-31
Ángela Navarrete Acevedo,angela.navarrete.acevedo@example.com,Femenino,Chile,2024-09-15
Juana Guillén Rubio,juana.guillen.rubio@example.com,Femenino,Estonia,2024-06-16
Jacinta de Cabañas,jacinta.de.cabanas@example.com,Femenino,Filipinas,2024-01-16
Teobaldo Carrillo Borrell,teobaldo.carrillo.borrell@example.com,Masculino,Venezuela,2024-02-13
Azucena Rocamora Lladó,azucena.rocamora.llado@example.com,Masculino,Botswana,2024-02-25
Natalio Pozo Naranjo,natalio.pozo.naranjo@example.com,Masculino,Líbano,2024-06-14
Rebeca Villalonga-Calvet,rebeca.villalonga-calvet@example.com,Masculino,Etiopía,2024-03-21
Ema Cañas-Ochoa,ema.canas-ochoa@example.com,Masculino,Francia,2024-05-05
Armida Cerdá-Alonso,armida.cerda-alonso@example.com,Masculino,Benin,2024-09-19
Julie Laguna,julie.laguna@example.com,Femenino,Zimbabwe,2024-10-19
Lucho Sala-Duque,lucho.sala-duque@example.com,Femenino,Swazilandia,2024-05-16
Teresa Alonso Noriega,teresa.alonso.noriega@example.com,Femenino,Tailandia,2025-08-21
Maristela Roldán Abascal,maristela.roldan.abascal@example.com,Masculino,Brasil,2024-05-17
Gervasio Mir Rueda,gervasio.mir.rueda@example.com,Masculino,Estados Unidos de América,2024-03-05
Olalla Clementina Mena Cuadrado,olalla.clementina.mena.cuadrado@example.com,Masculino,Ucrania,2025-05-31
Luis Vara Fajardo,luis.vara.fajardo@example.com,Femenino,Gabón,2025-06-03
Isidora Dávila Solís,isidora.davila.solis@example.com,Femenino,Burkina Faso,2025-02-22
Jimena Sastre Vallejo,jimena.sastre.vallejo@example.com,Femenino,Finlandia,2025-04-18
Néstor Rincón Santana,nestor.rincon.santana@example.com,Femenino,Eslovaquia,2024-08-06
Nilda Pareja Toledo,nilda.pareja.toledo@example.com,Femenino,Brasil,2024-01-26
Micaela Castilla Almansa,micaela.castilla.almansa@example.com,Femenino,Montenegro,2024-06-22
Ruperto Manjón Gallego,ruperto.manjon.gallego@example.com,Femenino,Ecuador,2025-03-19
Nazario del Corbacho,nazario.del.corbacho@example.com,Masculino,Malta,2025-10-23
Juliana Palacios Pedrero,juliana.palacios.pedrero@example.com,Masculino,Islas Salomón,2024-12-11
Iker Cueto Parra,iker.cueto.parra@example.com,Masculino,Mozambique,2024-03-03
Esperanza de Roldán,esperanza.de.roldan@example.com,Masculino,Venezuela,2024-07-30
Cesar Pablo Yuste,cesar.pablo.yuste@example.com,Femenino,Tonga,2025-07-11
Obdulia Villalonga Corral,obdulia.villalonga.corral@example.com,Masculino,República Federal Democrática de Nepal,2025-04-22
Dolores Riera Pol,dolores.riera.pol@example.com,Masculino,Mozambique,2025-09-23
Aristides de Gibert,aristides.de.gibert@example.com,Femenino,Alemania,2024-12-21
Pelayo Catalá-Cobo,pelayo.catala-cobo@example.com,Femenino,Ghana,2025-05-07
Ruy Baró,ruy.baro@example.com,Masculino,Uruguay,2024-08-26
Inmaculada Villar,inmaculada.villar@example.com,Masculino,Ucrania,2025-03-19
María Belén Juárez Casals,maria.belen.juarez.casals@example.com,Femenino,Senegal,2025-01-08
Clímaco Raimundo Ramos Corominas,climaco.raimundo.ramos.corominas@example.com,Masculino,Tayikistán,2024-11-29
Benito Tolosa Espejo,benito.tolosa.espejo@example.com,Masculino,Suriname,2025-05-04
Juan Manuel Fábregas Molins,juan.manuel.fabregas.molins@example.com,Masculino,Albania,2025-10-14
Ariel Armas Infante,ariel.armas.infante@example.com,Femenino,República Federal Democrática de Nepal,2024-08-23
Vera Hurtado Mateo,vera.hurtado.mateo@example.com,Femenino,Liberia,2024-05-31
Maristela Santana Navarrete,maristela.santana.navarrete@example.com,Femenino,Lituania,2024-09-03
Fernanda Batalla Collado,fernanda.batalla.collado@example.com,Femenino,Comoras,2024-02-26
Ariel Poza,ariel.poza@example.com,Masculino,Liechtenstein,2024-12-07
Charo Heredia Juárez,charo.heredia.juarez@example.com,Femenino,Kazajstán,2024-12-04
Adalberto de Reguera,adalberto.de.reguera@example.com,Masculino,Kazajstán,2025-05-12
Carmelita Baena Giner,carmelita.baena.giner@example.com,Femenino,San Vicente y las Granadinas,2024-08-06
Pilar Santamaria Porcel,pilar.santamaria.porcel@example.com,Masculino,Guatemala,2025-03-20
Jovita Botella,jovita.botella@example.com,Masculino,El Salvador,2024-04-22
Milagros de Rozas,milagros.de.rozas@example.com,Femenino,India,2025-11-15
Anna Guillén-Marin,anna.guillen-marin@example.com,Femenino,Suiza,2024-06-09
Ildefonso Laguna Ocaña,ildefonso.laguna.ocana@example.com,Femenino,Turkmenistán,2025-03-19
Calista Mesa,calista.mesa@example.com,Masculino,República de Corea,2024-08-28
Ambrosio Campo,ambrosio.campo@example.com,Femenino,Filipinas,2025-01-12
Aarón Canals Arnaiz,aaron.canals.arnaiz@example.com,Masculino,Estonia,2025-10-20
Rómulo Juan-Seco,romulo.juan-seco@example.com,Masculino,Djibouti,2024-09-04
Gracia del Clemente,gracia.del.clemente@example.com,Femenino,Lesotho,2025-03-01
Ana Bermúdez Ponce,ana.bermudez.ponce@example.com,Masculino,República Democrática del Congo,2025-02-18
Azeneth Vila Macias,azeneth.vila.macias@example.com,Femenino,Brunei Darussalam,2025-08-27
Edelmira Tena Monreal,edelmira.tena.monreal@example.com,Masculino,Eritrea,2024-06-14
Consuela Jordán Castellanos,consuela.jordan.castellanos@example.com,Femenino,Antigua y Barbuda,2025-09-08
Isabela Hervia Montes,isabela.hervia.montes@example.com,Femenino,Austria,2025-06-28
Juan Manuel Teruel Rosa,juan.manuel.teruel.rosa@example.com,Masculino,Islas Salomón,2024-01-01
Marcelino Molina Castro,marcelino.molina.castro@example.com,Femenino,Mauritania,2025-04-20
Judith Arévalo Aller,judith.arevalo.aller@example.com,Masculino,Djibouti,2025-06-16
Maricruz Uría Cadenas,maricruz.uria.cadenas@example.com,Masculino,Costa Rica,2025-07-10
Soraya Ayllón Peñas,soraya.ayllon.penas@example.com,Femenino,Camerún,2024-10-13
Elodia Bosch Aguilar,elodia.bosch.aguilar@example.com,Masculino,Canadá,2025-03-19
Francisca Sastre-Iglesia,francisca.sastre-iglesia@example.com,Femenino,Uruguay,2024-03-19
Calixto Tello Cifuentes,calixto.tello.cifuentes@example.com,Femenino,República Árabe Siria,2023-12-22
Inocencio Torralba Uribe,inocencio.torralba.uribe@example.com,Masculino,Ecuador,2024-04-26
Graciano Lladó Agullo,graciano.llado.agullo@example.com,Masculino,Malawi,2024-01-14
Cloe Encarnación Bilbao Morcillo,cloe.encarnacion.bilbao.morcillo@example.com,Masculino,Maldivas,2025-03-13
Maximiliano Valverde Cazorla,maximiliano.valverde.cazorla@example.com,Masculino,Noruega,2025-03-07
Salomón Vélez Luque,salomon.velez.luque@example.com,Masculino,Israel,2024-12-16
Arcelia Bernal Hurtado,arcelia.bernal.hurtado@example.com,Femenino,Guinea Ecuatorial,2024-08-13
María Teresa Mosquera-Torre,maria.teresa.mosquera-torre@example.com,Masculino,Cuba,2025-09-15
Magdalena de Arnal,magdalena.de.arnal@example.com,Masculino,Pakistán,2024-10-23
Chus Querol Criado,chus.querol.criado@example.com,Masculino,Turkmenistán,2025-01-17
Mariana de Cervantes,mariana.de.cervantes@example.com,Masculino,San Vicente y las Granadinas,2024-08-27
Fermín Flor Ortuño,fermin.flor.ortuno@example.com,Masculino,Sudán,2025-11-11
Eduardo Cáceres Gimeno,eduardo.caceres.gimeno@example.com,Masculino,Uzbekistán,2024-08-18
Samuel Aguirre,samuel.aguirre@example.com,Femenino,Angola,2024-02-18
Carmina Planas Rios,carmina.planas.rios@example.com,Femenino,Bangladesh,2024-12-22
Luís Gargallo Pozuelo,luis.gargallo.pozuelo@example.com,Femenino,Swazilandia,2024-02-13
Nicolasa Oller Valera,nicolasa.oller.valera@example.com,Masculino,Ucrania,2025-06-18
Alicia Sevillano,alicia.sevillano@example.com,Femenino,Somalia,2025-06-02
Delia Perera Sola,delia.perera.sola@example.com,Masculino,Países Bajos,2024-06-08
Fernando Saavedra-Arribas,fernando.saavedra-arribas@example.com,Masculino,Dominicana,2024-12-06
Feliciana Ferreras Montes,feliciana.ferreras.montes@example.com,Femenino,Dinamarca,2024-01-10
Osvaldo de Saavedra,osvaldo.de.saavedra@example.com,Masculino,Iraq,2024-07-02
Carlota Valls Álvaro,carlota.valls.alvaro@example.com,Femenino,Liberia,2024-12-27
Abilio Roldán-León,abilio.roldan-leon@example.com,Femenino,Israel,2024-01-20
Benigno Vega Rosselló,benigno.vega.rossello@example.com,Masculino,Lituania,2024-07-21
Elodia Jáuregui Bravo,elodia.jauregui.bravo@example.com,Masculino,Santo Tomé y Príncipe,2024-11-05
Elodia Ugarte Ureña,elodia.ugarte.urena@example.com,Masculino,Libia,2025-02-13
Ruy Almansa Batalla,ruy.almansa.batalla@example.com,Masculino,El Salvador,2025-02-09
Sancho Wilfredo Catalá Zapata,sancho.wilfredo.catala.zapata@example.com,Femenino,Antigua y Barbuda,2024-05-24
Albano Nicolás Cerdán,albano.nicolas.cerdan@example.com,Masculino,Australia,2025-02-09
Dorotea Narváez Miguel,dorotea.narvaez.miguel@example.com,Femenino,Santa Lucía,2025-08-04
Griselda Canales Fortuny,griselda.canales.fortuny@example.com,Femenino,Sierra Leona,2024-05-10
Manu Rincón-Pavón,manu.rincon-pavon@example.com,Masculino,Ucrania,2025-06-17
Teodosio Gutiérrez Galvez,teodosio.gutierrez.galvez@example.com,Masculino,Mozambique,2024-03-27
Florina Fortunata Portero Fabregat,florina.fortunata.portero.fabregat@example.com,Masculino,Marruecos,2025-11-03
Mirta del Becerra,mirta.del.becerra@example.com,Masculino,India,2024-03-29
Ricardo Pino Sancho,ricardo.pino.sancho@example.com,Masculino,Israel,2025-08-21
Emiliana Pardo-Isern,emiliana.pardo-isern@example.com,Masculino,Sudán del Sur,2025-03-28
Isaura Gallardo Goicoechea,isaura.gallardo.goicoechea@example.com,Femenino,Mónaco,2024-04-01
Sandra Olivé Roman,sandra.olive.roman@example.com,Masculino,Guinea Bissau,2024-06-27
Octavia Gascón Mora,octavia.gascon.mora@example.com,Femenino,Uruguay,2025-01-19
Goyo Iglesias Zamorano,goyo.iglesias.zamorano@example.com,Femenino,Turkmenistán,2025-09-25
Cristóbal Calderon Cordero,cristobal.calderon.cordero@example.com,Masculino,Federación de Rusia,2023-12-31
Juan Manuel Iriarte Almansa,juan.manuel.iriarte.almansa@example.com,Masculino,Suecia,2024-10-18
Jordán Bermúdez Barberá,jordan.bermudez.barbera@example.com,Femenino,Palau,2025-01-28
Chema Lladó Pazos,chema.llado.pazos@example.com,Masculino,India,2025-03-01
Reyes Velázquez Lerma,reyes.velazquez.lerma@example.com,Masculino,Kenya,2024-07-03
Lino Valcárcel Rey,lino.valcarcel.rey@example.com,Femenino,Gabón,2025-06-15
Azeneth Falcón Sastre,azeneth.falcon.sastre@example.com,Masculino,Burkina Faso,2025-04-29
Azahara Palacios Soriano,azahara.palacios.soriano@example.com,Femenino,Arabia Saudita,2025-08-22
Bautista César Alcolea Donaire,bautista.cesar.alcolea.donaire@example.com,Femenino,Ghana,2025-07-30
Sabas del Tomé,sabas.del.tome@example.com,Femenino,Burundi,2024-09-29
Victoriano Valdés Fiol,victoriano.valdes.fiol@example.com,Masculino,Cuba,2024-04-01
Martín Albano Gimeno Vergara,martin.albano.gimeno.vergara@example.com,Femenino,Hungría,2024-02-26
Heraclio de Dávila,heraclio.de.davila@example.com,Masculino,República Unida de Tanzanía,2024-05-14
Armida Chaves Tovar,armida.chaves.tovar@example.com,Masculino,Filipinas,2025-01-04
Régulo Vargas-Cifuentes,regulo.vargas-cifuentes@example.com,Femenino,República Popular Democrática de Corea,2025-04-07
Tere Alfaro Coca,tere.alfaro.coca@example.com,Masculino,Canadá,2024-02-10
Julio César Aguirre Calleja,julio.cesar.aguirre.calleja@example.com,Femenino,Afganistán,2024-02-28
Calisto de Vilalta,calisto.de.vilalta@example.com,Femenino,Liberia,2025-08-20
Victoriano Campillo Maestre,victoriano.campillo.maestre@example.com,Masculino,Rwanda,2025-10-24
Martina Pellicer Cerezo,martina.pellicer.cerezo@example.com,Masculino,Afganistán,2024-01-28
Sebastián Pi Avilés,sebastian.pi.aviles@example.com,Femenino,Finlandia,2025-09-06
Tecla Mir,tecla.mir@example.com,Masculino,Italia,2024-05-12
María José de Casares,maria.jose.de.casares@example.com,Masculino,Jordania,2025-10-21
Alcides Prieto,alcides.prieto@example.com,Masculino,Luxemburgo,2024-07-15
Dimas de Aragonés,dimas.de.aragones@example.com,Masculino,Guyana,2025-09-10
Salomón Cabezas Gallardo,salomon.cabezas.gallardo@example.com,Femenino,Myanmar,2023-11-29
Telmo Blázquez Verdugo,telmo.blazquez.verdugo@example.com,Masculino,Antigua y Barbuda,2024-12-14
Modesta Robles Figuerola,modesta.robles.figuerola@example.com,Femenino,Argelia,2025-04-10
Jose Carlos Natalio Lago Maldonado,jose.carlos.natalio.lago.maldonado@example.com,Masculino,India,2025-08-20
Quique Cárdenas,quique.cardenas@example.com,Masculino,Saint Kitts y Nevis,2024-12-06
Pánfilo Yago Ávila Maestre,panfilo.yago.avila.maestre@example.com,Masculino,Ecuador,2025-10-04
Lalo del Aguilera,lalo.del.aguilera@example.com,Femenino,Noruega,2024-07-22
Jose Ignacio Moliner Miralles,jose.ignacio.moliner.miralles@example.com,Femenino,Seychelles,2024-01-18
Benito Villena Escobar,benito.villena.escobar@example.com,Femenino,República Unida de Tanzanía,2024-11-27
Luisina Iniesta-Mesa,luisina.iniesta-mesa@example.com,Femenino,Qatar,2024-05-14
Jenny Ordóñez Román,jenny.ordonez.roman@example.com,Femenino,Egipto,2024-12-09
Ofelia de Valera,ofelia.de.valera@example.com,Masculino,Mozambique,2023-12-06
Trinidad Palau Pazos,trinidad.palau.pazos@example.com,Femenino,Suriname,2025-05-23
Angelina Rosario Villalba Sacristán,angelina.rosario.villalba.sacristan@example.com,Femenino,Cabo Verde,2024-02-14
Amada Suárez,amada.suarez@example.com,Femenino,Alemania,2025-03-29
Adelina Barba Ledesma,adelina.barba.ledesma@example.com,Femenino,Djibouti,2025-10-12
Coral Amor Pizarro,coral.amor.pizarro@example.com,Femenino,India,2024-05-25
Lino Jacobo Bou Verdú,lino.jacobo.bou.verdu@example.com,Femenino,República Federal Democrática de Nepal,2024-03-17
Concha Coral Pastor Asenjo,concha.coral.pastor.asenjo@example.com,Masculino,Jordania,2025-05-12
Mar Ponce Vives,mar.ponce.vives@example.com,Masculino,Bélgica,2024-12-27
Pepito Soria Nevado,pepito.soria.nevado@example.com,Femenino,Uganda,2023-12-03
Regina Magdalena Comas Padilla,regina.magdalena.comas.padilla@example.com,Masculino,Bhután,2024-12-23
María Belén Mas,maria.belen.mas@example.com,Masculino,Vanuatu,2025-09-04
Plácido Cadenas-Gálvez,placido.cadenas-galvez@example.com,Femenino,República Checa,2025-06-06
Maite Solano Diego,maite.solano.diego@example.com,Masculino,Bahamas,2025-02-12
Adela Teruel Guitart,adela.teruel.guitart@example.com,Femenino,Liberia,2024-12-04
Regina Reig Palau,regina.reig.palau@example.com,Masculino,Malawi,2025-04-16
Marcio del Robledo,marcio.del.robledo@example.com,Masculino,Ucrania,2024-01-22
Jose Ramón Agullo Torrens,jose.ramon.agullo.torrens@example.com,Femenino,Antigua y Barbuda,2025-05-04
Javiera Herranz Jimenez,javiera.herranz.jimenez@example.com,Masculino,India,2025-04-28
Anastasia Bertrán Correa,anastasia.bertran.correa@example.com,Masculino,República de Macedonia del Norte,2025-09-19
Ema Portero Oliver,ema.portero.oliver@example.com,Femenino,Indonesia,2024-07-18
Guiomar Bartolomé,guiomar.bartolome@example.com,Femenino,Hungría,2024-02-19
Agustina Lorena Talavera Saavedra,agustina.lorena.talavera.saavedra@example.com,Masculino,Turquía,2024-08-26
Nerea Francisco Bermúdez,nerea.francisco.bermudez@example.com,Masculino,República de Macedonia del Norte,2024-10-18
Venceslás Capdevila Padilla,venceslas.capdevila.padilla@example.com,Femenino,Arabia Saudita,2025-05-23
María Cristina Andrade,maria.cristina.andrade@example.com,Femenino,Yemen,2024-06-30
Hortensia Campo Saura,hortensia.campo.saura@example.com,Femenino,Malasia,2024-08-27
Joel Rivera Cruz,joel.rivera.cruz@example.com,Masculino,Timor-Leste,2025-01-21
Delfina Calvet Aranda,delfina.calvet.aranda@example.com,Masculino,Namibia,2024-04-29
Armida Grande Pujadas,armida.grande.pujadas@example.com,Masculino,Austria,2025-01-07
Carmina Larrea Rebollo,carmina.larrea.rebollo@example.com,Femenino,Marruecos,2024-01-14
Ligia Huerta Borrell,ligia.huerta.borrell@example.com,Masculino,Jamaica,2024-05-13
Valentina Villalonga,valentina.villalonga@example.com,Masculino,Egipto,2025-07-07
Custodio Codina-Salazar,custodio.codina-salazar@example.com,Femenino,Marruecos,2024-11-14
María Dolores Santamaria Beltrán,maria.dolores.santamaria.beltran@example.com,Femenino,Burkina Faso,2025-08-07
Manu Arranz,manu.arranz@example.com,Femenino,Lesotho,2025-05-05
Olivia Maxi Céspedes Hervás,olivia.maxi.cespedes.hervas@example.com,Masculino,Guinea Bissau,2025-02-20
Lupe Galán Mascaró,lupe.galan.mascaro@example.com,Masculino,Malawi,2025-04-22
Pastor Nicolás Cisneros,pastor.nicolas.cisneros@example.com,Masculino,Uruguay,2025-02-11
Máximo Guillen-Martí,maximo.guillen-marti@example.com,Masculino,Camerún,2025-09-04
Esteban Cañas Serrano,esteban.canas.serrano@example.com,Femenino,Irlanda,2024-01-19
Carmina Báez Cuervo,carmina.baez.cuervo@example.com,Femenino,República Árabe Siria,2025-01-20
Carla Carpio Galan,carla.carpio.galan@example.com,Femenino,Bahamas,2025-10-15
Flavio Pepito Merino Diaz,flavio.pepito.merino.diaz@example.com,Masculino,Granada,2025-01-07
Natalio del Leal,natalio.del.leal@example.com,Femenino,Palau,2024-10-22
Marisela Oliver,marisela.oliver@example.com,Masculino,Tayikistán,2024-07-06
Félix Ibarra Jordá,felix.ibarra.jorda@example.com,Femenino,Mali,2024-03-17
Olivia Vilma Belda Agustín,olivia.vilma.belda.agustin@example.com,Masculino,Comoras,2025-11-12
Mohamed Osorio Abad,mohamed.osorio.abad@example.com,Masculino,Mongolia,2024-12-06
Amancio Yuste Barrios,amancio.yuste.barrios@example.com,Femenino,México,2024-09-02
Basilio Barroso Carranza,basilio.barroso.carranza@example.com,Femenino,Georgia,2023-12-07
María Del Carmen Cañizares-Alba,maria.del.carmen.canizares-alba@example.com,Masculino,Reino Unido de Gran Bretaña e Irlanda del Norte,2025-09-17
Narciso Moreno-Tejedor,narciso.moreno-tejedor@example.com,Femenino,Egipto,2025-03-09
Flor Barros Madrid,flor.barros.madrid@example.com,Masculino,Côte d'Ivoire,2025-07-16
Plácido de Benitez,placido.de.benitez@example.com,Masculino,China,2025-05-29
Magdalena Calvo Cobos,magdalena.calvo.cobos@example.com,Femenino,Emiratos Árabes Unidos,2025-06-18
Fabiola Abad Llano,fabiola.abad.llano@example.com,Masculino,Pakistán,2025-07-25
Apolonia Tapia Fuentes,apolonia.tapia.fuentes@example.com,Femenino,Madagascar,2024-10-13
Heriberto del Baños,heriberto.del.banos@example.com,Femenino,Mali,2025-09-29
Fabio Montero Roldan,fabio.montero.roldan@example.com,Femenino,Uzbekistán,2024-05-06
Vicente Victor Poza Múñiz,vicente.victor.poza.muniz@example.com,Femenino,Belice,2024-01-14
Dionisio Vidal Huertas Campillo,dionisio.vidal.huertas.campillo@example.com,Masculino,Papua Nueva Guinea,2024-10-01
Bibiana Moya-Mate,bibiana.moya-mate@example.com,Masculino,Colombia,2025-04-05
Georgina Losada,georgina.losada@example.com,Femenino,Zambia,2024-03-02
Fabián Acero Luján,fabian.acero.lujan@example.com,Femenino,Trinidad y Tabago,2025-09-17
Ibán Sandoval Reguera,iban.sandoval.reguera@example.com,Masculino,Paraguay,2025-08-14
Rocío Sans Quero,rocio.sans.quero@example.com,Masculino,Brasil,2024-02-14
Rita de Valbuena,rita.de.valbuena@example.com,Masculino,Chile,2023-12-07
Simón Lucena Riba,simon.lucena.riba@example.com,Masculino,Emiratos Árabes Unidos,2025-01-20
Lorenzo de Botella,lorenzo.de.botella@example.com,Masculino,Malawi,2023-12-15
Dafne de Pons,dafne.de.pons@example.com,Masculino,Nueva Zelandia,2024-07-02
Rolando Águila Velázquez,rolando.aguila.velazquez@example.com,Femenino,Senegal,2024-06-11
Apolonia Benavent Andrade,apolonia.benavent.andrade@example.com,Masculino,Indonesia,2024-04-07
Ruth Rius Rodriguez,ruth.rius.rodriguez@example.com,Masculino,Tailandia,2025-01-22
Martín Bernardo Diéguez Galán,martin.bernardo.dieguez.galan@example.com,Masculino,Guatemala,2024-02-22
Sabina Galan Pozuelo,sabina.galan.pozuelo@example.com,Masculino,Vanuatu,2024-09-30
Calisto Borrell Uría,calisto.borrell.uria@example.com,Femenino,Tonga,2025-11-16
Belen Bertrán Verdugo,belen.bertran.verdugo@example.com,Femenino,Sudán,2025-02-27
Josefa Pedraza Benavente,josefa.pedraza.benavente@example.com,Femenino,Noruega,2025-10-12
Dolores Juan Dalmau,dolores.juan.dalmau@example.com,Femenino,Filipinas,2025-07-04
Narcisa Larrañaga,narcisa.larranaga@example.com,Masculino,República Federal Democrática de Nepal,2024-03-12
Nidia Contreras Zamora,nidia.contreras.zamora@example.com,Femenino,Colombia,2024-07-08
Pepita Téllez Checa,pepita.tellez.checa@example.com,Femenino,Noruega,2025-03-02
Florencia Lago Palma,florencia.lago.palma@example.com,Masculino,Rumania,2025-10-28
Julián Barrera-Rosselló,julian.barrera-rossello@example.com,Femenino,República Checa,2023-12-21
Aurelia Soto Figueroa,aurelia.soto.figueroa@example.com,Femenino,Paraguay,2024-10-09
Juan Carlos Flores-Zaragoza,juan.carlos.flores-zaragoza@example.com,Femenino,Kiribati,2023-12-23
Elena Perea Arellano,elena.perea.arellano@example.com,Masculino,Mónaco,2025-04-23
Aníbal Luján Rodriguez,anibal.lujan.rodriguez@example.com,Masculino,Hungría,2025-01-02
Yago Atienza-Escobar,yago.atienza-escobar@example.com,Femenino,Armenia,2025-07-31
Nilda Pla Poza,nilda.pla.poza@example.com,Masculino,Islandia,2025-07-27
Jordana del Escobar,jordana.del.escobar@example.com,Femenino,Mongolia,2024-08-21
Amaro Gallart Tirado,amaro.gallart.tirado@example.com,Femenino,Nicaragua,2024-11-11
Macario Gustavo Salazar Bello,macario.gustavo.salazar.bello@example.com,Masculino,España,2025-06-12
Cándido Salom Tormo,candido.salom.tormo@example.com,Masculino,Chipre,2025-03-03
Nicolasa Gálvez-Palomino,nicolasa.galvez-palomino@example.com,Masculino,Eritrea,2025-05-05
Adora Pablo Zamora,adora.pablo.zamora@example.com,Masculino,Argentina,2024-02-11
Lupe de Duque,lupe.de.duque@example.com,Femenino,Samoa,2025-07-30
Petrona Osuna Cabrera,petrona.osuna.cabrera@example.com,Masculino,Honduras,2025-02-04
Apolonia Recio Bilbao,apolonia.recio.bilbao@example.com,Masculino,Canadá,2025-07-03
Amaya Tirado Landa,amaya.tirado.landa@example.com,Masculino,Jamaica,2025-05-10
Aristides Borrell Lillo,aristides.borrell.lillo@example.com,Masculino,Angola,2025-04-15
Marcio Arnaiz Pozo,marcio.arnaiz.pozo@example.com,Masculino,República Democrática Popular Lao,2024-07-21
Carmen Ugarte,carmen.ugarte@example.com,Femenino,Lituania,2024-09-12
Lupe Puga Peña,lupe.puga.pena@example.com,Masculino,Sri Lanka,2025-04-22
Montserrat Moreno,montserrat.moreno@example.com,Masculino,Eslovenia,2024-02-14
Telmo García Ricart,telmo.garcia.ricart@example.com,Femenino,Islandia,2025-01-28
Albano Gimenez-Sanjuan,albano.gimenez-sanjuan@example.com,Femenino,Venezuela,2024-08-18
Judith Saez Pi,judith.saez.pi@example.com,Masculino,Eslovenia,2025-10-03
Daniela Pou,daniela.pou@example.com,Masculino,Costa Rica,2025-10-14
Jessica Catalá-Soler,jessica.catala-soler@example.com,Femenino,Kuwait,2024-10-11
Pía Aparicio Rosell,pia.aparicio.rosell@example.com,Masculino,Samoa,2023-12-07
Montserrat Genoveva Gordillo Clemente,montserrat.genoveva.gordillo.clemente@example.com,Femenino,Panamá,2024-12-22
Espiridión Llobet Viña,espiridion.llobet.vina@example.com,Femenino,Grecia,2025-03-28
Olga Antonia Cáceres Codina,olga.antonia.caceres.codina@example.com,Masculino,Eslovaquia,2024-12-31
Ofelia Botella Peral,ofelia.botella.peral@example.com,Femenino,República de Corea,2024-07-28
Socorro Raya Sánchez,socorro.raya.sanchez@example.com,Masculino,Niger,2025-06-23
Ángela Recio-Villegas,angela.recio-villegas@example.com,Masculino,Etiopía,2024-09-07
Nazaret Avilés Garcia,nazaret.aviles.garcia@example.com,Masculino,Indonesia,2024-04-21
Marina Llano,marina.llano@example.com,Masculino,Maldivas,2025-06-24
Cruz Alfonso Valle,cruz.alfonso.valle@example.com,Masculino,Swazilandia,2025-10-14
Nidia Gárate-Peinado,nidia.garate-peinado@example.com,Femenino,Pakistán,2024-02-16
Guadalupe del Clavero,guadalupe.del.clavero@example.com,Masculino,Haití,2024-12-01
Arturo del Donoso,arturo.del.donoso@example.com,Masculino,Jordania,2025-09-03
Isaías del Portillo,isaias.del.portillo@example.com,Masculino,Yemen,2025-07-25
Salomé Lago Morales,salome.lago.morales@example.com,Femenino,Bolivia,2024-03-29
Adán Giralt Crespo,adan.giralt.crespo@example.com,Femenino,Montenegro,2024-09-03
Yésica Suárez Mármol,yesica.suarez.marmol@example.com,Femenino,Kuwait,2025-08-06
Domitila Romeu Batlle,domitila.romeu.batlle@example.com,Masculino,Luxemburgo,2024-01-27
Fito Villar Villar,fito.villar.villar@example.com,Masculino,Turquía,2025-03-13
Olimpia Ana Gomis Prat,olimpia.ana.gomis.prat@example.com,Masculino,Mauritania,2024-08-31
Aurora Soto Armengol,aurora.soto.armengol@example.com,Masculino,España,2024-05-18
Gisela Trillo,gisela.trillo@example.com,Masculino,Swazilandia,2025-06-11
Miguel Ángel Verdejo-Castillo,miguel.angel.verdejo-castillo@example.com,Masculino,Chile,2024-06-30
Ovidio Bermudez Chamorro,ovidio.bermudez.chamorro@example.com,Masculino,Madagascar,2024-09-27
Rosa María Caparrós Figuerola,rosa.maria.caparros.figuerola@example.com,Femenino,Congo,2023-12-23
América Avilés Pujadas,america.aviles.pujadas@example.com,Femenino,Chad,2023-12-01
Néstor Sancho Bello,nestor.sancho.bello@example.com,Masculino,Suriname,2025-08-19
Tiburcio Valls,tiburcio.valls@example.com,Masculino,Australia,2025-04-15
Lázaro del Miró,lazaro.del.miro@example.com,Femenino,Jordania,2025-07-14
Eutropio Fuertes Chamorro,eutropio.fuertes.chamorro@example.com,Femenino,Santa Lucía,2024-05-13
Adora Liliana Lastra Alfaro,adora.liliana.lastra.alfaro@example.com,Masculino,República Dominicana,2024-11-23
Martirio Villanueva Gil,martirio.villanueva.gil@example.com,Masculino,Antigua y Barbuda,2024-03-16
Segismundo Goicoechea Grau,segismundo.goicoechea.grau@example.com,Femenino,Bélgica,2025-03-15
Pancho Márquez Jordá,pancho.marquez.jorda@example.com,Femenino,Federación de Rusia,2025-05-13
Edmundo Fonseca Rivera,edmundo.fonseca.rivera@example.com,Masculino,Namibia,2025-04-30
Ezequiel Manrique Moll,ezequiel.manrique.moll@example.com,Femenino,Lituania,2024-11-04
Rosa María Adadia Montalbán,rosa.maria.adadia.montalban@example.com,Femenino,Zambia,2024-08-25
David Pareja Alegre,david.pareja.alegre@example.com,Femenino,Argentina,2025-02-04
Andrés Felipe Rico Domínguez,andres.felipe.rico.dominguez@example.com,Femenino,Bolivia,2023-12-08
Reyes Luna-Batlle,reyes.luna-batlle@example.com,Femenino,San Marino,2025-06-03
Erasmo Roca Nebot,erasmo.roca.nebot@example.com,Masculino,Bahamas,2024-04-28
Juan José Lerma,juan.jose.lerma@example.com,Femenino,Omán,2025-08-22
Fanny Cordero Dueñas,fanny.cordero.duenas@example.com,Masculino,Qatar,2025-08-30
Gabriela Fortuny Agudo,gabriela.fortuny.agudo@example.com,Masculino,Bangladesh,2025-09-04
Cosme Acero Bernal,cosme.acero.bernal@example.com,Femenino,Sudán del Sur,2024-12-12
Raúl Coca Fiol,raul.coca.fiol@example.com,Femenino,Liberia,2025-07-02
Hector Cámara,hector.camara@example.com,Masculino,Islandia,2024-10-17
Modesta Silva Ballester,modesta.silva.ballester@example.com,Masculino,Maldivas,2025-03-10
Margarita Carina Rebollo Barroso,margarita.carina.rebollo.barroso@example.com,Femenino,Burkina Faso,2025-07-26
Dominga Vallejo-Franch,dominga.vallejo-franch@example.com,Femenino,Cuba,2025-08-14
Anacleto Gargallo Roig,anacleto.gargallo.roig@example.com,Femenino,Emiratos Árabes Unidos,2024-08-30
Eugenio Almansa Sainz,eugenio.almansa.sainz@example.com,Femenino,Nigeria,2024-10-03
Ruperto Iniesta Sandoval,ruperto.iniesta.sandoval@example.com,Femenino,Noruega,2024-04-12
María Ángeles María Belén Sevilla Arias,maria.angeles.maria.belen.sevilla.arias@example.com,Femenino,Irán,2025-01-04
Félix de Jaume,felix.de.jaume@example.com,Femenino,Austria,2024-01-24
Vinicio Leonardo Novoa Iriarte,vinicio.leonardo.novoa.iriarte@example.com,Masculino,Estonia,2025-11-09
Emigdio Martin Roig,emigdio.martin.roig@example.com,Masculino,Estonia,2025-10-14
Daniel Adán Serra,daniel.adan.serra@example.com,Femenino,Marruecos,2024-12-30
Arsenio Millán Sotelo,arsenio.millan.sotelo@example.com,Masculino,Hungría,2023-12-25
Joan Saldaña Folch,joan.saldana.folch@example.com,Femenino,Vanuatu,2025-02-25
Juan Girón,juan.giron@example.com,Femenino,Singapur,2025-10-25
Rico Sales Solera,rico.sales.solera@example.com,Femenino,Bolivia,2025-08-17
Elisabet Franch-Almagro,elisabet.franch-almagro@example.com,Femenino,Guinea Bissau,2024-11-20
Tadeo Cañellas Mascaró,tadeo.canellas.mascaro@example.com,Masculino,Jordania,2025-09-15
Dorotea Noelia Montero Córdoba,dorotea.noelia.montero.cordoba@example.com,Masculino,Mali,2024-01-31
Alonso Palomino García,alonso.palomino.garcia@example.com,Masculino,Arabia Saudita,2024-06-05
Teobaldo Giner Cañizares,teobaldo.giner.canizares@example.com,Femenino,Tailandia,2025-02-03
Rosalva Rey-Sala,rosalva.rey-sala@example.com,Masculino,Georgia,2025-06-02
Jimena Bauzà Alcántara,jimena.bauza.alcantara@example.com,Masculino,Barbados,2024-04-24
Ainoa Remedios Olmo Font,ainoa.remedios.olmo.font@example.com,Masculino,Maldivas,2024-11-08
Ildefonso Mariano Adán Bas,ildefonso.mariano.adan.bas@example.com,Masculino,Cabo Verde,2025-11-08
Borja Uribe Naranjo,borja.uribe.naranjo@example.com,Femenino,Jordania,2024-02-28
Trinidad Peral Almeida,trinidad.peral.almeida@example.com,Femenino,Eslovenia,2025-06-12
Cesar Alonso,cesar.alonso@example.com,Femenino,Mozambique,2024-04-08
Concepción de Flor,concepcion.de.flor@example.com,Masculino,Irán,2024-08-14
Edgardo de Rivero,edgardo.de.rivero@example.com,Femenino,Somalia,2025-02-13
Hernán de Busquets,hernan.de.busquets@example.com,Masculino,Brasil,2025-02-15
Olivia Oliveras Sáez,olivia.oliveras.saez@example.com,Masculino,Túnez,2025-08-30
Nerea Rosado Mariscal,nerea.rosado.mariscal@example.com,Masculino,Mónaco,2024-03-22
Íngrid Miralles,ingrid.miralles@example.com,Femenino,Sri Lanka,2023-12-13
Bartolomé Aramburu Guillen,bartolome.aramburu.guillen@example.com,Masculino,Maldivas,2025-08-19
Araceli Paredes Cabo,araceli.paredes.cabo@example.com,Femenino,Comoras,2024-11-04
Federico Palacio Garzón,federico.palacio.garzon@example.com,Femenino,Burkina Faso,2025-05-21
Valeria Zabala Ordóñez,valeria.zabala.ordonez@example.com,Masculino,Zambia,2025-05-08
Haydée Gomila Sánchez,haydee.gomila.sanchez@example.com,Masculino,Santo Tomé y Príncipe,2025-04-08
Evangelina Mármol,evangelina.marmol@example.com,Femenino,Côte d'Ivoire,2024-11-23
Américo Frutos-Cánovas,americo.frutos-canovas@example.com,Femenino,Eslovaquia,2024-09-30
Yago Rico Alcalá Niño,yago.rico.alcala.nino@example.com,Masculino,Barbados,2024-03-12
Adora Abril Robledo Lledó,adora.abril.robledo.lledo@example.com,Masculino,Granada,2024-07-28
Alicia Torres Vargas,alicia.torres.vargas@example.com,Femenino,República de Moldova,2024-08-29
Eutimio Gil Sarabia,eutimio.gil.sarabia@example.com,Masculino,República Democrática Popular Lao,2025-04-28
José Ángel Berenguer,jose.angel.berenguer@example.com,Femenino,Djibouti,2025-04-08
Aroa Pozuelo Fuster,aroa.pozuelo.fuster@example.com,Femenino,Papua Nueva Guinea,2024-07-05
Teresa Arnau Abad,teresa.arnau.abad@example.com,Femenino,Líbano,2024-11-10
René Corbacho-Romero,rene.corbacho-romero@example.com,Femenino,Tonga,2025-10-16
Balduino Rodríguez Requena,balduino.rodriguez.requena@example.com,Masculino,Guinea,2024-10-01
Angelina Macarena Zorrilla Robles,angelina.macarena.zorrilla.robles@example.com,Femenino,San Vicente y las Granadinas,2025-01-26
Rosalía Pinedo Tenorio,rosalia.pinedo.tenorio@example.com,Masculino,Vanuatu,2024-12-17
Artemio Lucena-Puig,artemio.lucena-puig@example.com,Femenino,Japón,2025-03-12
Isidora Botella Angulo,isidora.botella.angulo@example.com,Masculino,Mali,2025-02-10
Sebastian Pont Agustín,sebastian.pont.agustin@example.com,Femenino,Kenya,2024-09-01
Macaria Bru-Flores,macaria.bru-flores@example.com,Masculino,Bosnia y Herzegovina,2024-06-26
Matilde del Marco,matilde.del.marco@example.com,Masculino,Túnez,2023-12-01
Candelario Pulido Polo,candelario.pulido.polo@example.com,Femenino,Arabia Saudita,2025-01-28
Cloe Torrent,cloe.torrent@example.com,Masculino,Letonia,2024-08-09
Chita Briones Caparrós,chita.briones.caparros@example.com,Masculino,Ecuador,2024-04-02
Calista del Oliva,calista.del.oliva@example.com,Femenino,Tuvalu,2025-02-07
Yolanda Cristina Peña Ferrero,yolanda.cristina.pena.ferrero@example.com,Masculino,Bangladesh,2024-11-28
Ruperto Carbonell,ruperto.carbonell@example.com,Masculino,Nueva Zelandia,2025-09-25
Ester Bayona-Gomez,ester.bayona-gomez@example.com,Masculino,España,2024-09-03
Cornelio Bartolomé Dalmau,cornelio.bartolome.dalmau@example.com,Femenino,Haití,2024-06-29
Baudelio Jaume Blazquez,baudelio.jaume.blazquez@example.com,Femenino,Palau,2025-03-05
Custodio Alsina Pazos,custodio.alsina.pazos@example.com,Masculino,Kuwait,2024-12-05
Juanito Chacón Zabaleta,juanito.chacon.zabaleta@example.com,Femenino,Kenya,2025-09-02
Cebrián Villalba Costa,cebrian.villalba.costa@example.com,Masculino,España,2024-11-05
Perla Sáez-Sala,perla.saez-sala@example.com,Masculino,Alemania,2024-03-30
Balduino Salamanca-Lobo,balduino.salamanca-lobo@example.com,Femenino,Camboya,2025-07-09
Miguel Cazorla Torrijos,miguel.cazorla.torrijos@example.com,Femenino,Luxemburgo,2025-07-02
Amaro Llobet,amaro.llobet@example.com,Femenino,San Marino,2024-04-10
Edelmiro Arregui Narváez,edelmiro.arregui.narvaez@example.com,Masculino,Burundi,2024-04-11
Luisa Aragonés-Espinosa,luisa.aragones-espinosa@example.com,Masculino,Egipto,2024-02-21
Ale Roman Benavent,ale.roman.benavent@example.com,Masculino,San Marino,2023-12-31
Marita Cardona Cuevas,marita.cardona.cuevas@example.com,Masculino,Australia,2024-03-15
Estrella del Ocaña,estrella.del.ocana@example.com,Masculino,Benin,2024-10-31
Adelia Barriga Castell,adelia.barriga.castell@example.com,Femenino,Trinidad y Tabago,2024-02-28
Pancho Aramburu Pombo,pancho.aramburu.pombo@example.com,Femenino,Kirguistán,2025-04-02
Félix Ferrero Corbacho,felix.ferrero.corbacho@example.com,Masculino,Belarús,2024-10-14
Teodosio Escobar Calvo,teodosio.escobar.calvo@example.com,Masculino,Reino Unido de Gran Bretaña e Irlanda del Norte,2025-01-30
Oriana Rosalina Lobato Ramón,oriana.rosalina.lobato.ramon@example.com,Masculino,Nigeria,2025-09-07
Galo Albert Valenzuela Rocamora,galo.albert.valenzuela.rocamora@example.com,Masculino,Vanuatu,2025-01-09
Andrés Benavente Cabello,andres.benavente.cabello@example.com,Femenino,Benin,2024-05-04
Rosa María de Ropero,rosa.maria.de.ropero@example.com,Femenino,Maldivas,2025-04-19
Pili Echevarría Novoa,pili.echevarria.novoa@example.com,Masculino,Mozambique,2024-10-09
Clemente Menendez Macías,clemente.menendez.macias@example.com,Femenino,Yemen,2024-01-09
Encarnita Cobos Catalán,encarnita.cobos.catalan@example.com,Femenino,República Árabe Siria,2025-07-22
Luna de Borja,luna.de.borja@example.com,Femenino,Australia,2025-11-17
Custodio Alejandro Almeida Aranda,custodio.alejandro.almeida.aranda@example.com,Masculino,Swazilandia,2024-08-16
Bienvenida Berrocal Pont,bienvenida.berrocal.pont@example.com,Masculino,Finlandia,2024-05-07
Toni Madrigal Recio,toni.madrigal.recio@example.com,Femenino,Bélgica,2024-12-10
Salvador Padilla,salvador.padilla@example.com,Masculino,Barbados,2025-09-10
Ema Merino Boada,ema.merino.boada@example.com,Femenino,República Centroafricana,2025-10-22
Alcides Mas Criado,alcides.mas.criado@example.com,Femenino,Tailandia,2025-07-26
Valentina de Sala,valentina.de.sala@example.com,Femenino,Estonia,2024-09-30
Rafaela Ramona Ricart Camino,rafaela.ramona.ricart.camino@example.com,Masculino,Togo,2024-01-25
América Gámez Martin,america.gamez.martin@example.com,Femenino,Tonga,2025-01-28
Gastón Bauzà Izaguirre,gaston.bauza.izaguirre@example.com,Femenino,San Marino,2025-06-28
Cristina Río Ramírez,cristina.rio.ramirez@example.com,Femenino,Portugal,2025-04-30
Félix Humberto Gárate Marco,felix.humberto.garate.marco@example.com,Masculino,Belice,2025-04-20
Joaquín Arcos Espejo,joaquin.arcos.espejo@example.com,Femenino,Turquía,2024-12-08
Emperatriz Montes,emperatriz.montes@example.com,Masculino,Tailandia,2025-05-04
Blas Gallardo Nadal,blas.gallardo.nadal@example.com,Masculino,Haití,2024-05-07
Catalina Becerra Marco,catalina.becerra.marco@example.com,Femenino,Mauritania,2025-09-13
Duilio Eduardo Escribano Cañete,duilio.eduardo.escribano.canete@example.com,Femenino,Chad,2025-10-14
Angelino Macias Tamarit,angelino.macias.tamarit@example.com,Femenino,República Unida de Tanzanía,2025-11-11
Herberto Amor Español,herberto.amor.espanol@example.com,Femenino,Montenegro,2024-04-25
Casandra de Bello,casandra.de.bello@example.com,Femenino,Bélgica,2025-03-20
Nacho de Bayo,nacho.de.bayo@example.com,Femenino,Dominicana,2025-05-31
Daniela Vicens Cuervo,daniela.vicens.cuervo@example.com,Masculino,Malawi,2025-06-25
Clotilde Flor Aguiló,clotilde.flor.aguilo@example.com,Masculino,República de Macedonia del Norte,2025-02-18
Isidoro Chus Lobo Falcó,isidoro.chus.lobo.falco@example.com,Masculino,Palau,2024-05-30
Mirta Saez Cruz,mirta.saez.cruz@example.com,Masculino,Arabia Saudita,2025-10-04
Joan Blasco Vara,joan.blasco.vara@example.com,Femenino,Bahamas,2025-08-18
Reinaldo Salinas Casares,reinaldo.salinas.casares@example.com,Femenino,República Árabe Siria,2024-01-30
Hugo Berrocal Ayala,hugo.berrocal.ayala@example.com,Masculino,Uruguay,2024-10-25
Fidel Salinas Cañizares,fidel.salinas.canizares@example.com,Masculino,Serbia,2024-12-10
Lino Nicolás Riera Barrera,lino.nicolas.riera.barrera@example.com,Masculino,Palau,2024-11-29
Manu Adelia Villegas Cerezo,manu.adelia.villegas.cerezo@example.com,Masculino,Camboya,2025-09-02
Eulalia Julián Azcona,eulalia.julian.azcona@example.com,Masculino,Yemen,2024-10-16
Estela Navarrete Milla,estela.navarrete.milla@example.com,Masculino,Papua Nueva Guinea,2024-11-24
Lorena Mínguez Llanos,lorena.minguez.llanos@example.com,Femenino,Jordania,2025-06-10
Telmo Boix-Batalla,telmo.boix-batalla@example.com,Masculino,Mongolia,2025-06-03
Duilio Valera Pardo,duilio.valera.pardo@example.com,Masculino,República Centroafricana,2024-05-01
Bernardita de Figueras,bernardita.de.figueras@example.com,Masculino,Eritrea,2024-06-18
Susana Noelia Borrell Pedrosa,susana.noelia.borrell.pedrosa@example.com,Femenino,Andorra,2024-06-21
Dorotea Evangelina Quirós Beltran,dorotea.evangelina.quiros.beltran@example.com,Femenino,Omán,2023-11-30
Ale Blanco,ale.blanco@example.com,Masculino,Líbano,2024-05-11
Ana Carbajo Barreda,ana.carbajo.barreda@example.com,Masculino,Croacia,2025-07-28
Eduardo Zamorano Tapia,eduardo.zamorano.tapia@example.com,Masculino,Azerbaiyán,2024-01-21
Ricarda Jáuregui Calvet,ricarda.jauregui.calvet@example.com,Femenino,Finlandia,2024-04-22
Emperatriz Echevarría,emperatriz.echevarria@example.com,Femenino,Sudán,2025-09-23
Leyre Peinado Segarra,leyre.peinado.segarra@example.com,Femenino,Senegal,2025-08-30
Armando Torrecilla Saavedra,armando.torrecilla.saavedra@example.com,Masculino,República de Corea,2024-06-06
Felipe Moya,felipe.moya@example.com,Masculino,Islas Marshall,2025-06-19
Baldomero Ruiz Paniagua,baldomero.ruiz.paniagua@example.com,Femenino,Serbia,2025-03-14
Vicente Cuesta,vicente.cuesta@example.com,Masculino,Brunei Darussalam,2025-01-01
Edgardo Candelario Toledo Castilla,edgardo.candelario.toledo.castilla@example.com,Femenino,Namibia,2024-10-22
Hugo Alberdi Alcolea,hugo.alberdi.alcolea@example.com,Femenino,Bolivia,2025-07-13
Íñigo Tejada-Ródenas,inigo.tejada-rodenas@example.com,Femenino,Santo Tomé y Príncipe,2024-01-12
Aurelia Bermúdez,aurelia.bermudez@example.com,Femenino,Dominicana,2025-05-29
Ariel Donoso-Gómez,ariel.donoso-gomez@example.com,Femenino,Côte d'Ivoire,2025-09-01
Isidora Ribas Peiró,isidora.ribas.peiro@example.com,Femenino,Kirguistán,2024-03-19
Rogelio Cristian Benavente Zorrilla,rogelio.cristian.benavente.zorrilla@example.com,Femenino,Islandia,2024-11-21
Manuelita del Guerrero,manuelita.del.guerrero@example.com,Masculino,Honduras,2024-11-01
Leocadio Maldonado Coll,leocadio.maldonado.coll@example.com,Femenino,Eslovaquia,2025-05-28
Jeremías Guerrero Amor,jeremias.guerrero.amor@example.com,Femenino,Armenia,2024-10-12
Mayte de Cal,mayte.de.cal@example.com,Masculino,Bahrein,2024-02-24
Enrique Vargas Sanmiguel,enrique.vargas.sanmiguel@example.com,Masculino,República de Macedonia del Norte,2024-10-30
Saturnino Agullo Expósito,saturnino.agullo.exposito@example.com,Masculino,Namibia,2024-01-23
Clementina Moll-Corral,clementina.moll-corral@example.com,Femenino,Sudáfrica,2025-10-01
Amancio Aguiló Orozco,amancio.aguilo.orozco@example.com,Femenino,Uruguay,2023-12-07
Graciana Ramirez Francisco,graciana.ramirez.francisco@example.com,Masculino,Países Bajos,2025-07-07
Herberto Garcés Ortega,herberto.garces.ortega@example.com,Femenino,Marruecos,2025-09-10
Victorino Rodrigo Quesada Diego,victorino.rodrigo.quesada.diego@example.com,Masculino,Lesotho,2025-10-09
Modesto Rozas Román,modesto.rozas.roman@example.com,Femenino,Bulgaria,2024-07-14
Inmaculada de Mulet,inmaculada.de.mulet@example.com,Femenino,Côte d'Ivoire,2024-03-29
Faustino Botella Neira,faustino.botella.neira@example.com,Masculino,Kazajstán,2024-04-05
Manola Briones,manola.briones@example.com,Femenino,Trinidad y Tabago,2024-07-12
Petrona Guitart Laguna,petrona.guitart.laguna@example.com,Masculino,Mozambique,2024-01-16
Rita Aguilar Querol,rita.aguilar.querol@example.com,Femenino,Mali,2025-04-17
Fortunata Palacios Rodrigo,fortunata.palacios.rodrigo@example.com,Femenino,Países Bajos,2024-11-04
Luis Miguel Prat Manuel,luis.miguel.prat.manuel@example.com,Femenino,Côte d'Ivoire,2025-06-14
Susana Dávila,susana.davila@example.com,Masculino,Tonga,2025-08-07
Susana Gras,susana.gras@example.com,Masculino,Brasil,2024-04-09
Ángela Gabaldón-Gámez,angela.gabaldon-gamez@example.com,Femenino,República Árabe Siria,2024-06-19
Elvira Prieto Garcés,elvira.prieto.garces@example.com,Masculino,Mauritania,2024-03-06
Ambrosio Cipriano Román Sans,ambrosio.cipriano.roman.sans@example.com,Masculino,Tailandia,2024-05-06
Noé Nicolás Leon,noe.nicolas.leon@example.com,Femenino,Irán,2024-04-27
Esther Múñiz,esther.muniz@example.com,Femenino,Islas Salomón,2025-04-04
Epifanio Frutos Jódar,epifanio.frutos.jodar@example.com,Femenino,Federación de Rusia,2024-07-21
Eric Burgos Salmerón,eric.burgos.salmeron@example.com,Masculino,Irlanda,2024-04-26
Ambrosio Ribera Andrade,ambrosio.ribera.andrade@example.com,Femenino,Trinidad y Tabago,2025-10-19
Ana Morante Tejedor,ana.morante.tejedor@example.com,Femenino,Indonesia,2024-03-26
Azucena Canales Peiró,azucena.canales.peiro@example.com,Femenino,El Salvador,2024-09-25
Lupe Ernesto Heras Sanjuan,lupe.ernesto.heras.sanjuan@example.com,Femenino,Camboya,2024-08-29
Jafet Tolosa Fuentes,jafet.tolosa.fuentes@example.com,Femenino,Argelia,2025-03-10
Marta Larrañaga-Jara,marta.larranaga-jara@example.com,Femenino,Guinea,2024-07-08
Macaria Cobos-Bou,macaria.cobos-bou@example.com,Femenino,Tayikistán,2025-01-22
Federico Cuesta Planas,federico.cuesta.planas@example.com,Masculino,Letonia,2025-03-28
Herberto Navas-Baños,herberto.navas-banos@example.com,Masculino,Camerún,2024-12-10
Isa Pi-Gallart,isa.pi-gallart@example.com,Masculino,Gambia,2025-10-15
Paola Gárate Fuente,paola.garate.fuente@example.com,Femenino,Antigua y Barbuda,2025-08-05
Rosa Nevado Castrillo,rosa.nevado.castrillo@example.com,Masculino,Portugal,2025-04-16
Jesusa Estrada-Madrigal,jesusa.estrada-madrigal@example.com,Masculino,Qatar,2024-11-15
Jonatan Gámez Carnero,jonatan.gamez.carnero@example.com,Femenino,Tailandia,2024-09-17
Toni Cobo Cerdá,toni.cobo.cerda@example.com,Masculino,Montenegro,2024-11-14
Nico Bayón,nico.bayon@example.com,Femenino,Mozambique,2025-04-01
Lucía Grande Hoz,lucia.grande.hoz@example.com,Masculino,Chad,2025-06-08
Remigio Carlos Goicoechea,remigio.carlos.goicoechea@example.com,Femenino,Niger,2025-11-20
Adalberto Baudelio Gámez Catalán,adalberto.baudelio.gamez.catalan@example.com,Femenino,Nauru,2025-07-08
Joaquín Gámez Bello,joaquin.gamez.bello@example.com,Masculino,El Salvador,2024-09-04
Curro Plaza Valle,curro.plaza.valle@example.com,Masculino,Turkmenistán,2024-06-18
Chema Córdoba Carlos,chema.cordoba.carlos@example.com,Femenino,Andorra,2024-03-13
Ibán Alberola Solsona,iban.alberola.solsona@example.com,Femenino,Emiratos Árabes Unidos,2024-12-19
Paulina Guzman Saavedra,paulina.guzman.saavedra@example.com,Masculino,Nigeria,2024-10-27
Noa Montesinos Vila,noa.montesinos.vila@example.com,Femenino,Camboya,2024-12-05
Begoña Ruperta Huguet Navarrete,begona.ruperta.huguet.navarrete@example.com,Femenino,Túnez,2024-04-06
Cruz Luís,cruz.luis@example.com,Femenino,República Centroafricana,2025-10-31
Yéssica Martina Villena Espejo,yessica.martina.villena.espejo@example.com,Masculino,Antigua y Barbuda,2024-03-24
María Del Carmen Albero Olmedo,maria.del.carmen.albero.olmedo@example.com,Femenino,Camerún,2024-01-30
Elba Agullo,elba.agullo@example.com,Masculino,Austria,2024-07-27
