nombre,correo,genero,pais,created_at
Cayetana Álvaro Gonzalo,cayetana.alvaro.gonzalo@example.com,M,Lesotho,2024-06-12
Faustino de Guijarro,faustino.de.guijarro@example.com,X,Azerbaiyán,2024-03-06
Onofre Santamaria Suárez,onofre.santamaria.suarez@example.com,M,Benin,2024-08-05
Leonardo Vigil Gimenez,leonardo.vigil.gimenez@example.com,M,Grecia,2025-06-14
Juanita Peña Fiol,juanita.pena.fiol@example.com,M,Seychelles,2024-07-28
Florencia Perales Pino,florencia.perales.pino@example.com,X,Panamá,2025-03-21
Juan Luis Julián Crespo,juan.luis.julian.crespo@example.com,F,Guinea Ecuatorial,2024-05-03
Goyo Monreal Ros,goyo.monreal.ros@example.com,F,Belice,2025-03-05
Pedro Juan Bautista Arenas Blanca,pedro.juan.bautista.arenas.blanca@example.com,F,Cuba,2025-02-02
Florencia Fábregas Morera,florencia.fabregas.morera@example.com,F,Myanmar,2025-10-02
Celso Blanes Ariza,celso.blanes.ariza@example.com,M,Malasia,2024-06-27
Saturnino Francisco Torre,saturnino.francisco.torre@example.com,M,México,2024-06-06
Julio César Cepeda Abad,julio.cesar.cepeda.abad@example.com,M,Afganistán,2023-12-21
María Belén del Sánchez,maria.belen.del.sanchez@example.com,X,Botswana,2024-01-17
Donato León Prado,donato.leon.prado@example.com,F,Libia,2024-08-21
Ainoa Mateos,ainoa.mateos@example.com,M,Polonia,2025-02-28
Visitación Valdés Gargallo,visitacion.valdes.gargallo@example.com,M,Eslovaquia,2024-12-09
Paz Yésica Lucena Gordillo,paz.yesica.lucena.gordillo@example.com,M,Argentina,2024-10-27
Gustavo Casas Juan,gustavo.casas.juan@example.com,X,República Centroafricana,2024-09-10
Armida Cases Montalbán,armida.cases.montalban@example.com,F,Mauricio,2024-12-05
Adolfo Meléndez Polo,adolfo.melendez.polo@example.com,X,Irlanda,2025-03-28
Leticia Araujo Moreno,leticia.araujo.moreno@example.com,X,Túnez,2025-04-19
Dora Ramos Hernández,dora.ramos.hernandez@example.com,M,Croacia,2024-04-11
Iker Melero Borrego,iker.melero.borrego@example.com,X,Bahamas,2024-05-20
Rodrigo Máximo Sanchez Urrutia,rodrigo.maximo.sanchez.urrutia@example.com,M,Suiza,2024-03-21
Quirino Barragán Solís,quirino.barragan.solis@example.com,F,México,2024-06-08
Máxima Cózar Céspedes,maxima.cozar.cespedes@example.com,X,Costa Rica,2025-02-12
Eusebia Losa Cuervo,eusebia.losa.cuervo@example.com,X,Cuba,2025-04-22
Marisa del Rivas,marisa.del.rivas@example.com,F,Santo Tomé y Príncipe,2024-09-06
Quirino Soria Jimenez,quirino.soria.jimenez@example.com,F,Indonesia,2024-07-12
Mirta Martina Solé Ferrer,mirta.martina.sole.ferrer@example.com,M,Federación de Rusia,2025-08-22
Adelaida Canet Cardona,adelaida.canet.cardona@example.com,X,Santo Tomé y Príncipe,2025-08-29
Raúl Varela Suarez,raul.varela.suarez@example.com,F,Seychelles,2025-01-19
Andrea Boada Uribe,andrea.boada.uribe@example.com,F,Sudáfrica,2024-10-16
Nicolasa Pou,nicolasa.pou@example.com,M,Dominicana,2024-05-11
Humberto del Llanos,humberto.del.llanos@example.com,M,Libia,2024-10-09
Eusebio Infante Losa,eusebio.infante.losa@example.com,F,Canadá,2025-02-01
Baltasar Gárate-Pablo,baltasar.garate-pablo@example.com,X,Namibia,2025-02-10
Roberto Barba-Agustín,roberto.barba-agustin@example.com,F,Rumania,2024-06-15
Agustina Miranda Tamayo,agustina.miranda.tamayo@example.com,F,Gabón,2025-09-26
Guadalupe Cózar,guadalupe.cozar@example.com,X,Letonia,2025-08-15
Isidora Pedraza Gil,isidora.pedraza.gil@example.com,M,Sudán del Sur,2025-01-03
Ceferino Manjón,ceferino.manjon@example.com,F,Turkmenistán,2024-10-13
Eugenia Chacón Lledó,eugenia.chacon.lledo@example.com,X,Madagascar,2024-06-04
Marta Maestre Pera,marta.maestre.pera@example.com,X,Georgia,2025-11-13
Leonel Iglesias Robles,leonel.iglesias.robles@example.com,X,Lesotho,2024-11-02
Dani Bayona Ramis,dani.bayona.ramis@example.com,X,Liechtenstein,2024-10-24
Guadalupe Jordán Moll,guadalupe.jordan.moll@example.com,M,Etiopía,2024-02-07
Cristian Manrique España,cristian.manrique.espana@example.com,X,Finlandia,2025-07-12
Anastasia Silva,anastasia.silva@example.com,F,Letonia,2023-12-13
Quirino Español-Solís,quirino.espanol-solis@example.com,X,Tailandia,2025-03-06
Xiomara Lasa Aguado,xiomara.lasa.aguado@example.com,X,Mali,2025-11-11
Yéssica de Villalba,yessica.de.villalba@example.com,M,República Árabe Siria,2023-12-21
Miriam Vilalta Garmendia,miriam.vilalta.garmendia@example.com,X,Guinea Bissau,2024-03-22
Sebastián Ferrer Godoy,sebastian.ferrer.godoy@example.com,F,Estados Unidos de América,2024-02-04
Marcelo Sabater,marcelo.sabater@example.com,F,Japón,2025-08-24
Jose Luis Canals Portillo,jose.luis.canals.portillo@example.com,F,Gambia,2024-04-12
Martín Piquer Vilaplana,martin.piquer.vilaplana@example.com,F,Bhután,2025-08-22
Victor Manuel Santana Guitart,victor.manuel.santana.guitart@example.com,X,Madagascar,2025-04-26
Ceferino Acuña Agustí,ceferino.acuna.agusti@example.com,M,Camerún,2025-02-02
Dalila Aragonés Rosado,dalila.aragones.rosado@example.com,F,Arabia Saudita,2024-09-06
Alex Ernesto Machado Neira,alex.ernesto.machado.neira@example.com,F,Albania,2024-06-13
Daniela Bas Márquez,daniela.bas.marquez@example.com,X,Tayikistán,2024-09-30
Eladio Azcona Baños,eladio.azcona.banos@example.com,F,Ucrania,2024-03-15
Cristina Salas Goñi,cristina.salas.goni@example.com,F,Tonga,2025-05-22
Aarón Macías Flor,aaron.macias.flor@example.com,X,Somalia,2025-03-09
Urbano Bustos Arana,urbano.bustos.arana@example.com,X,Madagascar,2024-08-18
Socorro Donaire,socorro.donaire@example.com,F,Sudán del Sur,2024-09-02
Alfonso del Pellicer,alfonso.del.pellicer@example.com,X,Malasia,2025-03-08
Celestina Jove Prada,celestina.jove.prada@example.com,X,República Democrática del Congo,2024-03-09
Jose Armengol Vargas,jose.armengol.vargas@example.com,F,Benin,2024-07-06
Olga Tejero Gallego,olga.tejero.gallego@example.com,M,Mozambique,2025-10-08
Reynaldo Gelabert Camacho,reynaldo.gelabert.camacho@example.com,X,Antigua y Barbuda,2024-09-20
Toni Elorza Bejarano,toni.elorza.bejarano@example.com,M,Seychelles,2024-02-21
Leticia Fuente Uría,leticia.fuente.uria@example.com,M,Noruega,2023-12-08
Tere Camila Francisco Pujadas,tere.camila.francisco.pujadas@example.com,X,Noruega,2024-03-21
Josep de Flores,josep.de.flores@example.com,F,Bangladesh,2025-03-11
Lucas Perales-Ledesma,lucas.perales-ledesma@example.com,M,Guyana,2024-10-20
Sandra Nevado-Bárcena,sandra.nevado-barcena@example.com,X,Marruecos,2025-07-21
Cleto de Cerdán,cleto.de.cerdan@example.com,M,Malasia,2025-08-06
Segismundo Bilbao,segismundo.bilbao@example.com,X,Guinea,2025-02-07
Claudia Morillo Carrillo,claudia.morillo.carrillo@example.com,F,Santo Tomé y Príncipe,2025-05-23
Darío Luna-Díez,dario.luna-diez@example.com,F,Congo,2025-06-18
Cornelio Benavides Santamaria,cornelio.benavides.santamaria@example.com,X,Rumania,2024-05-16
Ester Pinedo Barros,ester.pinedo.barros@example.com,F,Dominicana,2025-06-06
Tamara Arrieta Carrillo,tamara.arrieta.carrillo@example.com,X,Niger,2025-02-06
Isaura Bustamante Trujillo,isaura.bustamante.trujillo@example.com,M,Zimbabwe,2025-01-03
Anna Pombo Falcón,anna.pombo.falcon@example.com,M,Mauritania,2025-08-29
Leticia Osuna,leticia.osuna@example.com,F,Líbano,2024-03-06
León José Ángel Tomé Rincón,leon.jose.angel.tome.rincon@example.com,M,Reino Unido de Gran Bretaña e Irlanda del Norte,2025-10-10
Herminia Mora Teruel,herminia.mora.teruel@example.com,M,Kenya,2023-12-01
Narcisa de Tomas,narcisa.de.tomas@example.com,M,China,2024-02-25
Coral Melero-Morcillo,coral.melero-morcillo@example.com,X,Portugal,2025-01-27
Abril Garay Saez,abril.garay.saez@example.com,F,Portugal,2024-09-16
Ciriaco Villaverde Ramis,ciriaco.villaverde.ramis@example.com,F,Mauritania,2025-07-01
Joaquín Sobrino,joaquin.sobrino@example.com,M,República Democrática del Congo,2025-10-27
Silvestre Carrasco Goicoechea,silvestre.carrasco.goicoechea@example.com,X,Burkina Faso,2024-12-29
Adolfo Luque,adolfo.luque@example.com,X,Etiopía,2025-08-06
Pili del Sobrino,pili.del.sobrino@example.com,M,Samoa,2024-06-06
Roberta Poza Peláez,roberta.poza.pelaez@example.com,M,Argelia,2023-12-24
Lupe Alonso Jordán,lupe.alonso.jordan@example.com,X,Irán,2025-01-10
Soledad Asensio Feliu,soledad.asensio.feliu@example.com,X,Francia,2025-08-19
Gracia Blasco Casals,gracia.blasco.casals@example.com,X,Myanmar,2024-11-05
Modesta del Castrillo,modesta.del.castrillo@example.com,F,Chad,2025-07-29
Roberto Olivares Jiménez,roberto.olivares.jimenez@example.com,M,Eslovenia,2025-01-29
Régulo del Dominguez,regulo.del.dominguez@example.com,X,Italia,2024-03-27
Fanny Bonilla Riquelme,fanny.bonilla.riquelme@example.com,X,Irán,2024-10-10
Amaya Palomares Taboada,amaya.palomares.taboada@example.com,X,Zimbabwe,2025-10-23
Bonifacio Planas Colomer,bonifacio.planas.colomer@example.com,M,Kiribati,2024-08-31
María Fernanda de Pedrosa,maria.fernanda.de.pedrosa@example.com,X,Zambia,2024-05-29
Quirino Carnero Villegas,quirino.carnero.villegas@example.com,F,Samoa,2025-11-21
Amor Pina-Olmedo,amor.pina-olmedo@example.com,F,Myanmar,2024-11-09
Celestino Pou,celestino.pou@example.com,F,Antigua y Barbuda,2024-08-24
Anselma Matas Morales,anselma.matas.morales@example.com,F,República de Moldova,2024-10-30
Anselmo Becerra-Mármol,anselmo.becerra-marmol@example.com,F,Rwanda,2025-06-06
Vidal García Castillo,vidal.garcia.castillo@example.com,M,Serbia,2024-12-02
Fidela Nogués-Rosell,fidela.nogues-rosell@example.com,X,Zambia,2025-02-04
Rosendo Guzmán Valenzuela,rosendo.guzman.valenzuela@example.com,X,Singapur,2025-07-12
Alejandro Román Tormo Amor,alejandro.roman.tormo.amor@example.com,F,Hungría,2025-08-29
Dominga Martirio Gutiérrez Alcázar,dominga.martirio.gutierrez.alcazar@example.com,X,Timor-Leste,2025-08-28
Bernabé Ciriaco Alemany Heredia,bernabe.ciriaco.alemany.heredia@example.com,M,Kenya,2024-08-30
Violeta María Luisa Godoy Serra,violeta.maria.luisa.godoy.serra@example.com,M,República Democrática del Congo,2025-09-04
Edmundo Atienza Hernando,edmundo.atienza.hernando@example.com,X,Dominicana,2023-12-01
Florentina Ribas Casares,florentina.ribas.casares@example.com,F,Trinidad y Tabago,2024-02-19
Javier Rivas Chacón,javier.rivas.chacon@example.com,M,Kuwait,2024-02-14
Prudencio Cantero Serra,prudencio.cantero.serra@example.com,M,Argentina,2025-01-28
Ale Martín Tejero Sanabria,ale.martin.tejero.sanabria@example.com,X,Rwanda,2024-07-12
Benita Pera Barros,benita.pera.barros@example.com,X,Guinea Ecuatorial,2025-07-26
Sol Rosell Llanos,sol.rosell.llanos@example.com,F,Egipto,2024-09-15
Macarena Rey Mulet,macarena.rey.mulet@example.com,X,Angola,2024-06-08
Magdalena Pinedo,magdalena.pinedo@example.com,M,Pakistán,2025-04-19
Telmo Lluch Viña,telmo.lluch.vina@example.com,M,Islandia,2024-07-02
Tito Almeida-Calvet,tito.almeida-calvet@example.com,M,Maldivas,2024-09-24
Almudena de Mesa,almudena.de.mesa@example.com,F,Camboya,2025-06-12
Armida Caparrós Muñoz,armida.caparros.munoz@example.com,F,Seychelles,2025-07-25
Fermín Izquierdo-Mayoral,fermin.izquierdo-mayoral@example.com,F,Myanmar,2024-08-03
Andrea Llamas Francisco,andrea.llamas.francisco@example.com,M,Irán,2025-02-14
Cebrián Samu Nebot Clemente,cebrian.samu.nebot.clemente@example.com,X,Islandia,2025-07-28
Flavio de Rubio,flavio.de.rubio@example.com,M,Colombia,2024-07-03
Rebeca Sanmartín,rebeca.sanmartin@example.com,F,Grecia,2024-12-31
Ani Cueto Osuna,ani.cueto.osuna@example.com,F,Chile,2024-01-16
Noé del Dueñas,noe.del.duenas@example.com,M,Argentina,2025-09-24
Victoriano Cal-Almansa,victoriano.cal-almansa@example.com,M,México,2025-10-22
Socorro Mata Delgado,socorro.mata.delgado@example.com,F,Brunei Darussalam,2025-10-22
Raquel Cazorla Mateo,raquel.cazorla.mateo@example.com,F,Hungría,2024-02-04
Gerónimo Hoz Peña,geronimo.hoz.pena@example.com,X,Uzbekistán,2025-02-05
Aitor Román Abad,aitor.roman.abad@example.com,F,República Árabe Siria,2024-02-21
Nazaret Ropero Amat,nazaret.ropero.amat@example.com,F,Senegal,2025-07-13
Abril Sevillano Arnau,abril.sevillano.arnau@example.com,X,Islas Marshall,2025-07-23
Evaristo del Baños,evaristo.del.banos@example.com,M,Costa Rica,2025-04-03
Clara Carpio-Pi,clara.carpio-pi@example.com,M,Países Bajos,2025-08-24
Clímaco Tena Font,climaco.tena.font@example.com,M,Suiza,2025-06-08
Bernardo Cerezo Abril,bernardo.cerezo.abril@example.com,F,Omán,2024-10-17
Chus Alba Ocaña,chus.alba.ocana@example.com,M,Iraq,2025-02-23
Moreno Terrón Duarte,moreno.terron.duarte@example.com,F,Austria,2024-04-12
Rufina Amigó Briones,rufina.amigo.briones@example.com,X,Países Bajos,2024-04-24
Marisela Torrens Huerta,marisela.torrens.huerta@example.com,F,China,2025-03-20
Tere Zaragoza-Correa,tere.zaragoza-correa@example.com,M,Omán,2024-12-27
Mario Bosch-Morell,mario.bosch-morell@example.com,M,Grecia,2025-11-13
Amparo Sánchez Aranda,amparo.sanchez.aranda@example.com,M,Angola,2025-05-19
Gracia Salvà-Espinosa,gracia.salva-espinosa@example.com,M,Samoa,2025-05-08
Blanca Corominas Novoa,blanca.corominas.novoa@example.com,M,España,2025-03-19
Olimpia Lloret Benavent,olimpia.lloret.benavent@example.com,M,Noruega,2024-12-19
Estefanía Collado Camacho,estefania.collado.camacho@example.com,X,Nigeria,2024-12-15
Elisa Santos,elisa.santos@example.com,M,Israel,2024-04-30
Celso Amaya Elorza,celso.amaya.elorza@example.com,X,Ucrania,2024-11-08
Alfonso Berto Milla Grande,alfonso.berto.milla.grande@example.com,X,Noruega,2024-05-22
Micaela Nadal-Galindo,micaela.nadal-galindo@example.com,F,Nigeria,2025-04-20
Amanda Rojas-Gordillo,amanda.rojas-gordillo@example.com,F,Nauru,2025-08-06
Bruno Girón Madrid,bruno.giron.madrid@example.com,M,Angola,2025-07-04
Nicolás Ortiz Ibáñez,nicolas.ortiz.ibanez@example.com,M,Austria,2025-09-21
Josefa Niño Giménez,josefa.nino.gimenez@example.com,X,Suecia,2024-12-12
Reyes Omar Juliá Herrero,reyes.omar.julia.herrero@example.com,F,Estonia,2024-10-22
Jesusa Vaquero-Fajardo,jesusa.vaquero-fajardo@example.com,M,República Dominicana,2025-11-07
Priscila Matas Salcedo,priscila.matas.salcedo@example.com,F,Letonia,2025-08-24
Andrés Felipe Huguet Noriega,andres.felipe.huguet.noriega@example.com,M,Gambia,2024-12-29
Purificación Bermúdez,purificacion.bermudez@example.com,F,Kenya,2025-06-18
Artemio Fonseca,artemio.fonseca@example.com,M,Camboya,2024-12-03
Jessica del Alcalá,jessica.del.alcala@example.com,X,Francia,2025-03-06
Dulce Anglada Calatayud,dulce.anglada.calatayud@example.com,F,India,2025-03-26
Candelario del Prat,candelario.del.prat@example.com,X,Belarús,2023-12-07
Montserrat Pagès-Alarcón,montserrat.pages-alarcon@example.com,F,Argelia,2023-12-27
Baltasar Fuertes,baltasar.fuertes@example.com,X,Mónaco,2025-08-19
Luisa Colomer Tejero,luisa.colomer.tejero@example.com,F,Armenia,2024-10-26
Felipa Narváez Gras,felipa.narvaez.gras@example.com,F,Senegal,2024-11-10
Francisca Manzanares Landa,francisca.manzanares.landa@example.com,X,Maldivas,2023-12-07
Cleto Alcaraz Costa,cleto.alcaraz.costa@example.com,M,Luxemburgo,2023-12-09
Samanta Villa Lozano,samanta.villa.lozano@example.com,F,Armenia,2025-04-28
Francisco del Cornejo,francisco.del.cornejo@example.com,X,Botswana,2025-01-25
Rolando Robles,rolando.robles@example.com,F,República de Corea,2025-08-16
Clara Adriana Ayuso Riquelme,clara.adriana.ayuso.riquelme@example.com,X,Vietman,2025-09-24
Eloísa del Millán,eloisa.del.millan@example.com,F,Bhután,2025-06-10
Pepito Camps,pepito.camps@example.com,F,República de Corea,2025-06-05
Dionisia Cadenas Canales,dionisia.cadenas.canales@example.com,X,Fiji,2024-11-18
Luis Ángel Gras,luis.angel.gras@example.com,X,Samoa,2025-10-13
Imelda de Barroso,imelda.de.barroso@example.com,M,Sierra Leona,2025-04-17
Manuela Tello Bastida,manuela.tello.bastida@example.com,X,Nueva Zelandia,2024-06-10
Pablo Monreal Porcel,pablo.monreal.porcel@example.com,M,Japón,2023-11-26
Bartolomé de Alcántara,bartolome.de.alcantara@example.com,X,Italia,2024-08-15
Rafaela Muñoz-Quiroga,rafaela.munoz-quiroga@example.com,M,Saint Kitts y Nevis,2024-01-12
Gerardo Soto Higueras,gerardo.soto.higueras@example.com,M,Honduras,2024-11-06
Eusebia Jordana Malo Blanch,eusebia.jordana.malo.blanch@example.com,F,República Popular Democrática de Corea,2025-05-21
Ana Coll Artigas,ana.coll.artigas@example.com,X,Suiza,2025-03-30
María Carmen Luís Menéndez,maria.carmen.luis.menendez@example.com,X,Djibouti,2025-06-07
Ildefonso Manso Soriano,ildefonso.manso.soriano@example.com,F,Granada,2025-01-17
Haroldo Amaya Prado,haroldo.amaya.prado@example.com,M,Kiribati,2025-07-09
Adelina del Pol,adelina.del.pol@example.com,M,Burundi,2025-10-19
Plácido Pardo Roda,placido.pardo.roda@example.com,F,Costa Rica,2025-05-25
Manuela Feliu Franch,manuela.feliu.franch@example.com,M,Singapur,2024-02-12
Marcio Bernal Figueroa,marcio.bernal.figueroa@example.com,M,República Árabe Siria,2023-12-29
Florencio Noguera Alegre,florencio.noguera.alegre@example.com,F,Honduras,2024-08-14
Adelardo Ortuño Santiago,adelardo.ortuno.santiago@example.com,X,Tonga,2024-08-23
Joan Daza Verdú,joan.daza.verdu@example.com,M,Vanuatu,2024-01-08
Florencio de Torrent,florencio.de.torrent@example.com,X,Maldivas,2025-08-30
Leandra Arévalo Galindo,leandra.arevalo.galindo@example.com,F,Turquía,2024-01-25
Ángela Ortuño Monreal,angela.ortuno.monreal@example.com,F,México,2024-06-12
Ruy Erasmo Olivera Laguna,ruy.erasmo.olivera.laguna@example.com,M,Perú,2025-08-06
María Belén Llorente Benito,maria.belen.llorente.benito@example.com,M,Polonia,2024-10-07
Maribel Conesa Terrón,maribel.conesa.terron@example.com,F,Andorra,2025-09-17
Cayetana González Luján,cayetana.gonzalez.lujan@example.com,X,Guinea Bissau,2025-01-14
Custodio de Terrón,custodio.de.terron@example.com,M,Dominicana,2025-08-20
Jesús Salom Herrera,jesus.salom.herrera@example.com,X,Islandia,2025-09-23
Lorenza de Marquez,lorenza.de.marquez@example.com,M,Singapur,2024-08-12
Adán Ruano Villalobos,adan.ruano.villalobos@example.com,M,Albania,2025-04-08
Ainoa Andrade Gallardo,ainoa.andrade.gallardo@example.com,F,Portugal,2024-06-06
Pablo Dimas Redondo Dávila,pablo.dimas.redondo.davila@example.com,F,Tonga,2025-08-04
Sigfrido Cuesta Alberdi,sigfrido.cuesta.alberdi@example.com,F,Senegal,2024-03-02
Paco Garrido,paco.garrido@example.com,M,República Democrática Popular Lao,2024-02-26
Danilo del Caparrós,danilo.del.caparros@example.com,X,Bolivia,2024-05-20
Teodosio Alfaro Valverde,teodosio.alfaro.valverde@example.com,F,Palau,2024-03-14
Jeremías Luís Carrasco,jeremias.luis.carrasco@example.com,X,Cuba,2024-12-23
Natanael Lamas Salas,natanael.lamas.salas@example.com,F,Uganda,2024-12-22
Onofre Urrutia Tolosa,onofre.urrutia.tolosa@example.com,X,Japón,2024-09-03
Abel Rincón Diez,abel.rincon.diez@example.com,X,Mauricio,2024-10-06
Pánfilo Figueroa Estévez,panfilo.figueroa.estevez@example.com,M,Noruega,2025-09-25
Trinidad Zorrilla Jiménez,trinidad.zorrilla.jimenez@example.com,F,Belarús,2025-02-27
Azeneth Córdoba-Benavent,azeneth.cordoba-benavent@example.com,F,República de Moldova,2025-04-11
María Belén Paula Marí Perales,maria.belen.paula.mari.perales@example.com,M,Sudáfrica,2025-09-12
Etelvina Bernardita Bertrán Vives,etelvina.bernardita.bertran.vives@example.com,X,Chile,2024-06-21
Vinicio Carbonell Tomé,vinicio.carbonell.tome@example.com,M,Ghana,2024-05-21
Selena Codina Iborra,selena.codina.iborra@example.com,X,Fiji,2023-12-21
Nydia Pizarro Moya,nydia.pizarro.moya@example.com,F,Serbia,2025-08-19
Débora Garzón Belmonte,debora.garzon.belmonte@example.com,F,Rwanda,2025-02-09
Marc Iglesia Antúnez,marc.iglesia.antunez@example.com,M,Islas Salomón,2024-06-10
Leandra Moreno-Jover,leandra.moreno-jover@example.com,M,Chipre,2025-10-13
Melania Carbó Castro,melania.carbo.castro@example.com,X,Barbados,2025-05-17
Godofredo Hierro,godofredo.hierro@example.com,F,Rumania,2025-09-19
Emiliana de Ibarra,emiliana.de.ibarra@example.com,M,Zimbabwe,2025-04-20
Antonio Diez Beltrán,antonio.diez.beltran@example.com,F,Namibia,2024-08-25
Celestina Vilar Mendez,celestina.vilar.mendez@example.com,F,Nauru,2023-11-24
Hernán Vara,hernan.vara@example.com,F,Brasil,2025-03-03
Laura del Soria,laura.del.soria@example.com,M,Australia,2024-06-26
Armando Laguna Fiol,armando.laguna.fiol@example.com,F,República de Corea,2025-05-18
Trini Sacristán,trini.sacristan@example.com,X,Croacia,2024-01-21
Raimundo Robledo Cadenas,raimundo.robledo.cadenas@example.com,F,Arabia Saudita,2023-12-25
Ramón Cózar Castelló,ramon.cozar.castello@example.com,X,Mauricio,2025-07-14
Ainara Sosa,ainara.sosa@example.com,M,Islandia,2025-01-23
Poncio Múñiz Cervera,poncio.muniz.cervera@example.com,M,Guatemala,2024-11-30
Teresa Vall Serna,teresa.vall.serna@example.com,M,Botswana,2024-04-11
Asunción Prado-Español,asuncion.prado-espanol@example.com,F,Noruega,2025-07-09
Leticia Rico,leticia.rico@example.com,M,Chad,2024-06-23
Marisa Montoya Baena,marisa.montoya.baena@example.com,M,Panamá,2024-08-17
Marcia Feliciana Patiño Roman,marcia.feliciana.patino.roman@example.com,F,Tuvalu,2023-11-23
Lara Barrios Juárez,lara.barrios.juarez@example.com,M,Mauricio,2024-09-18
Aurelia Oliva Castell,aurelia.oliva.castell@example.com,F,Tayikistán,2025-07-22
Baudelio Cid,baudelio.cid@example.com,X,Barbados,2024-04-24
Teresa de Saez,teresa.de.saez@example.com,F,Islandia,2025-07-28
Nereida Criado-Bárcena,nereida.criado-barcena@example.com,X,Barbados,2024-08-09
Aníbal Tolosa Espinosa,anibal.tolosa.espinosa@example.com,F,Antigua y Barbuda,2025-07-30
Merche Charo Agudo Rocha,merche.charo.agudo.rocha@example.com,M,Saint Kitts y Nevis,2024-01-18
Máxima Adelaida Navas Albero,maxima.adelaida.navas.albero@example.com,F,Belarús,2025-08-18
Antonio de Roura,antonio.de.roura@example.com,F,Sierra Leona,2024-06-21
Alejandro Sastre,alejandro.sastre@example.com,F,Nicaragua,2024-05-01
Bernardino Castañeda Revilla,bernardino.castaneda.revilla@example.com,M,Argelia,2025-03-16
Moreno Chaves Coca,moreno.chaves.coca@example.com,F,Reino Unido de Gran Bretaña e Irlanda del Norte,2025-05-06
Mireia Muñoz Águila,mireia.munoz.aguila@example.com,M,Comoras,2024-07-18
Chucho Antón Acero,chucho.anton.acero@example.com,F,Zambia,2025-01-07
Fito Peiró-Carballo,fito.peiro-carballo@example.com,X,Barbados,2024-07-06
Eva María Llano Ferreras,eva.maria.llano.ferreras@example.com,M,Brunei Darussalam,2025-08-22
Carlota del Patiño,carlota.del.patino@example.com,M,Nicaragua,2025-09-21
Tomás Murcia Oliva,tomas.murcia.oliva@example.com,F,Botswana,2024-07-30
Baudelio Millán-Lluch,baudelio.millan-lluch@example.com,X,Bulgaria,2025-10-28
Joaquina Silvia Ferrán Agustín,joaquina.silvia.ferran.agustin@example.com,X,Argentina,2025-09-23
Narcisa Lucas Domingo,narcisa.lucas.domingo@example.com,F,Gambia,2025-08-10
Mauricio Pascual Ángel Rosales,mauricio.pascual.angel.rosales@example.com,F,Argelia,2023-12-29
Ángela Amarilis Ochoa Cortina,angela.amarilis.ochoa.cortina@example.com,M,Comoras,2025-03-21
Valerio Coello Domingo,valerio.coello.domingo@example.com,M,Panamá,2024-06-17
Claudio Matas Arranz,claudio.matas.arranz@example.com,F,Myanmar,2025-10-26
Irma Elías Blanca,irma.elias.blanca@example.com,M,Vietman,2025-10-16
Emilio Bertrán Valcárcel,emilio.bertran.valcarcel@example.com,F,Bahamas,2025-07-15
Samu Esteban Benito,samu.esteban.benito@example.com,X,República Popular Democrática de Corea,2025-06-16
Adolfo Muro Sáez,adolfo.muro.saez@example.com,M,Nauru,2025-09-08
Francisco Jose Izaguirre,francisco.jose.izaguirre@example.com,F,Irlanda,2024-03-13
Ema Llamas Medina,ema.llamas.medina@example.com,F,Brunei Darussalam,2025-08-09
Pacífica Albero,pacifica.albero@example.com,F,Eritrea,2024-10-30
Carmelita Puente Vall,carmelita.puente.vall@example.com,F,Estonia,2024-01-20
María Pilar Chaves Pérez,maria.pilar.chaves.perez@example.com,X,Turquía,2025-10-09
Virginia Ballesteros-Cantero,virginia.ballesteros-cantero@example.com,X,Letonia,2024-08-19
Rosendo Nebot-Escrivá,rosendo.nebot-escriva@example.com,X,Kenya,2023-11-28
Desiderio Cabezas Cepeda,desiderio.cabezas.cepeda@example.com,F,Ghana,2024-05-06
Cruz Estévez Zabaleta,cruz.estevez.zabaleta@example.com,F,Burundi,2024-08-18
Arcelia Soler Echeverría,arcelia.soler.echeverria@example.com,F,República Árabe Siria,2025-02-07
Eva Barral Dominguez,eva.barral.dominguez@example.com,X,Maldivas,2024-04-14
Chita Santiago Pi,chita.santiago.pi@example.com,X,Saint Kitts y Nevis,2025-05-03
Trinidad Toro Carbonell,trinidad.toro.carbonell@example.com,F,Fiji,2025-02-27
Griselda Gargallo,griselda.gargallo@example.com,X,Nauru,2024-05-12
Evangelina Zorrilla,evangelina.zorrilla@example.com,F,Mauricio,2025-08-04
Diego Marin,diego.marin@example.com,F,Guatemala,2024-06-04
Santos Pintor Baró,santos.pintor.baro@example.com,X,México,2024-04-03
Soraya Aranda Benítez,soraya.aranda.benitez@example.com,M,El Salvador,2024-09-04
Adalberto Castro Correa,adalberto.castro.correa@example.com,F,Mali,2024-07-10
Lilia Esteban Checa,lilia.esteban.checa@example.com,X,Filipinas,2024-02-06
Alicia Pacheco Herranz,alicia.pacheco.herranz@example.com,M,Samoa,2024-12-05
Basilio Seco Sainz,basilio.seco.sainz@example.com,X,República de Moldova,2023-12-17
Emma Pazos Salamanca,emma.pazos.salamanca@example.com,F,España,2024-12-07
Gisela Catalá Hernández,gisela.catala.hernandez@example.com,X,El Salvador,2025-08-22
Gertrudis Aguilera Cortes,gertrudis.aguilera.cortes@example.com,M,Azerbaiyán,2024-01-04
Amarilis Amorós Roldan,amarilis.amoros.roldan@example.com,F,Montenegro,2025-10-23
Dorotea Sobrino Aznar,dorotea.sobrino.aznar@example.com,M,Libia,2024-08-26
Florencio Cabrero,florencio.cabrero@example.com,X,Comoras,2024-07-22
Rosario Oliva Montaña,rosario.oliva.montana@example.com,X,Fiji,2024-03-17
Maxi Castells,maxi.castells@example.com,F,Malawi,2024-04-10
Cristina Castejón Roma,cristina.castejon.roma@example.com,M,Gabón,2024-12-19
Erasmo Mateos Izquierdo,erasmo.mateos.izquierdo@example.com,F,Togo,2025-10-05
Sancho Corral Daza,sancho.corral.daza@example.com,M,Granada,2024-05-23
Cándida Montoya Nebot,candida.montoya.nebot@example.com,M,Canadá,2025-04-03
Blanca Bosch Lladó,blanca.bosch.llado@example.com,M,República de Corea,2025-05-04
Brígida Manuel Donaire,brigida.manuel.donaire@example.com,X,Congo,2025-06-16
Salud Barrios Roig,salud.barrios.roig@example.com,X,Nigeria,2025-04-08
Moreno Estrada Lozano,moreno.estrada.lozano@example.com,F,Mali,2024-02-18
Balduino Blanca Martorell,balduino.blanca.martorell@example.com,M,Mónaco,2024-06-17
Felisa Francisco Andrade,felisa.francisco.andrade@example.com,M,Islas Salomón,2023-12-03
Juliana Alcalá Gascón,juliana.alcala.gascon@example.com,F,Uruguay,2025-10-30
Juanito Lledó-Osorio,juanito.lledo-osorio@example.com,X,Santo Tomé y Príncipe,2025-07-20
Carmelita Jordán Bustos,carmelita.jordan.bustos@example.com,X,Uruguay,2025-11-15
Ruy Castillo Hervás,ruy.castillo.hervas@example.com,X,Camerún,2025-02-18
Mar Rosalía Girona Clavero,mar.rosalia.girona.clavero@example.com,F,Dominicana,2024-12-03
Jeremías Morera,jeremias.morera@example.com,F,Letonia,2024-01-30
Francisco Cabrero Bayona,francisco.cabrero.bayona@example.com,M,Montenegro,2024-01-02
Heraclio del Marcos,heraclio.del.marcos@example.com,M,Congo,2023-12-12
Nuria Quintana Echeverría,nuria.quintana.echeverria@example.com,F,Papua Nueva Guinea,2024-06-22
Rosalina Calderón Herrera,rosalina.calderon.herrera@example.com,M,Chipre,2024-05-26
Jose Angel Arco Pereira,jose.angel.arco.pereira@example.com,M,Malasia,2024-01-20
Apolonia Melero Agudo,apolonia.melero.agudo@example.com,F,Letonia,2024-11-17
Saturnina Elorza Aranda,saturnina.elorza.aranda@example.com,M,India,2025-08-31
Onofre Mateu-Cánovas,onofre.mateu-canovas@example.com,F,Palau,2025-09-05
Segismundo Castejón Escribano,segismundo.castejon.escribano@example.com,F,Eslovenia,2024-01-12
Martín Conrado Castells Sarabia,martin.conrado.castells.sarabia@example.com,X,Indonesia,2024-05-10
Adriana Mata-Ojeda,adriana.mata-ojeda@example.com,F,Angola,2024-12-07
Leopoldo Canet Carpio,leopoldo.canet.carpio@example.com,M,Arabia Saudita,2024-08-28
Eugenio del Nuñez,eugenio.del.nunez@example.com,M,Bolivia,2025-05-08
Ale Reyes Rey Cerro,ale.reyes.rey.cerro@example.com,F,Tailandia,2025-10-22
Azeneth Calderon,azeneth.calderon@example.com,M,Sudáfrica,2024-12-04
María Cristina Franch,maria.cristina.franch@example.com,X,República Unida de Tanzanía,2025-08-10
Alcides Castell Espinosa,alcides.castell.espinosa@example.com,M,Chile,2025-03-13
Felipe Giménez-Alvarez,felipe.gimenez-alvarez@example.com,X,Jamaica,2024-11-15
Baldomero Aguilar Galán,baldomero.aguilar.galan@example.com,M,Portugal,2024-05-18
Trini Peñas Fortuny,trini.penas.fortuny@example.com,M,Santa Lucía,2025-08-29
Blanca Gertrudis Tomé Valcárcel,blanca.gertrudis.tome.valcarcel@example.com,X,Guyana,2025-08-16
Ana Mulet,ana.mulet@example.com,X,Mónaco,2025-04-29
Alejandro Verdú Salmerón,alejandro.verdu.salmeron@example.com,M,Namibia,2024-03-30
Florina Tolosa,florina.tolosa@example.com,F,Letonia,2024-12-03
Teobaldo del Barbero,teobaldo.del.barbero@example.com,X,Liechtenstein,2023-11-25
Abril Prado Blanch,abril.prado.blanch@example.com,X,Países Bajos,2024-08-24
Luis Baeza Benitez,luis.baeza.benitez@example.com,X,Austria,2025-03-13
Ramiro Río-Tena,ramiro.rio-tena@example.com,M,Etiopía,2025-05-18
Benjamín Corominas Uría,benjamin.corominas.uria@example.com,X,República Dominicana,2024-03-15
Alcides de Frutos,alcides.de.frutos@example.com,X,Santa Lucía,2024-05-13
Octavio Correa Maldonado,octavio.correa.maldonado@example.com,F,Portugal,2025-06-09
Lalo Lopez,lalo.lopez@example.com,F,Reino Unido de Gran Bretaña e Irlanda del Norte,2025-01-09
Raimundo Arias Mancebo,raimundo.arias.mancebo@example.com,M,Mauritania,2024-02-01
Ángel Sanmiguel Nadal,angel.sanmiguel.nadal@example.com,X,Liberia,2024-04-26
Guadalupe Sanjuan Huertas,guadalupe.sanjuan.huertas@example.com,X,Finlandia,2024-03-08
Mónica Molins Vila,monica.molins.vila@example.com,M,Sudán del Sur,2025-03-31
Ana Bello-Gascón,ana.bello-gascon@example.com,F,Fiji,2025-02-03
Paco Puga Becerra,paco.puga.becerra@example.com,F,Túnez,2024-04-12
María Jesús Silva,maria.jesus.silva@example.com,F,Armenia,2025-11-08
Cesar Barral Noguera,cesar.barral.noguera@example.com,M,República Dominicana,2025-04-14
Arcelia Requena Valenciano,arcelia.requena.valenciano@example.com,X,Omán,2024-07-02
Pepito Aroca-Cuéllar,pepito.aroca-cuellar@example.com,M,Australia,2025-03-02
Flora Ponce-Lozano,flora.ponce-lozano@example.com,X,Costa Rica,2024-01-05
Albano Izaguirre Román,albano.izaguirre.roman@example.com,X,Irán,2025-08-21
Maxi Eloísa Río Alberto,maxi.eloisa.rio.alberto@example.com,X,Madagascar,2025-11-16
Diego Arteaga-Sanchez,diego.arteaga-sanchez@example.com,X,Ecuador,2024-08-15
Brunilda Seco Castillo,brunilda.seco.castillo@example.com,X,Malasia,2024-02-28
Jerónimo Arco Sarmiento,jeronimo.arco.sarmiento@example.com,F,Afganistán,2024-11-04
Pilar Batalla Hernando,pilar.batalla.hernando@example.com,M,Jamaica,2025-04-18
Yaiza Amor Aguilera,yaiza.amor.aguilera@example.com,F,Túnez,2024-07-05
Lalo Ros Pulido,lalo.ros.pulido@example.com,M,Islandia,2024-01-24
Emma Vélez,emma.velez@example.com,F,Nauru,2024-01-21
Paulina Prats Gómez,paulina.prats.gomez@example.com,F,República de Corea,2024-08-26
Ruperto Rivera,ruperto.rivera@example.com,M,Timor-Leste,2024-10-06
María Luisa Piñol Solera,maria.luisa.pinol.solera@example.com,M,Honduras,2024-08-06
Encarnacion González Alfonso,encarnacion.gonzalez.alfonso@example.com,M,Serbia,2024-03-21
Javi Medina,javi.medina@example.com,X,Mozambique,2024-01-07
Maite de Orozco,maite.de.orozco@example.com,M,Mónaco,2025-10-28
Nilo Solís Español,nilo.solis.espanol@example.com,M,Georgia,2024-04-02
Nélida de Manzano,nelida.de.manzano@example.com,M,República Árabe Siria,2024-11-02
Martina Diéguez-Barrios,martina.dieguez-barrios@example.com,X,Mónaco,2025-06-30
Gaspar de Requena,gaspar.de.requena@example.com,X,Rumania,2025-06-20
Cayetano Perez Piñeiro,cayetano.perez.pineiro@example.com,X,Paraguay,2025-10-28
Hugo Abad Calleja,hugo.abad.calleja@example.com,F,Trinidad y Tabago,2025-06-26
Iván Figueroa Barragán,ivan.figueroa.barragan@example.com,X,Argentina,2025-06-24
Jose Angel León Royo Moreno,jose.angel.leon.royo.moreno@example.com,X,Micronesia,2024-03-08
Laura Tamayo Heras,laura.tamayo.heras@example.com,F,República Dominicana,2025-02-21
Cleto Feliu Alfaro,cleto.feliu.alfaro@example.com,F,Ecuador,2024-09-17
Leonardo Riquelme Moraleda,leonardo.riquelme.moraleda@example.com,M,Togo,2025-08-04
Adora Silva Sanz,adora.silva.sanz@example.com,F,República de Moldova,2024-01-25
Felicidad Boix Mata,felicidad.boix.mata@example.com,X,Myanmar,2025-08-30
Aránzazu Cerdá Prada,aranzazu.cerda.prada@example.com,X,Mauricio,2025-05-30
Iris de Alfaro,iris.de.alfaro@example.com,M,Grecia,2024-07-26
Abigaíl Soledad Pedrosa Olivé,abigail.soledad.pedrosa.olive@example.com,M,Polonia,2025-08-25
Curro Caparrós Almazán,curro.caparros.almazan@example.com,F,Tuvalu,2025-03-29
Felipa Ayuso Franco,felipa.ayuso.franco@example.com,F,Arabia Saudita,2024-04-24
Epifanio Pepito Olmedo Huerta,epifanio.pepito.olmedo.huerta@example.com,F,Malasia,2025-02-06
Herminio Perelló Benet,herminio.perello.benet@example.com,M,Arabia Saudita,2024-11-02
Rosendo de Ramos,rosendo.de.ramos@example.com,F,Filipinas,2024-09-30
Mateo Cornejo Granados,mateo.cornejo.granados@example.com,F,Perú,2025-11-03
Jordi Agullo,jordi.agullo@example.com,F,Uruguay,2025-10-20
Bernardino Pizarro-Lerma,bernardino.pizarro-lerma@example.com,F,Israel,2024-10-31
Lalo Patiño-Guitart,lalo.patino-guitart@example.com,X,Polonia,2025-02-14
Felipa del Bolaños,felipa.del.bolanos@example.com,M,Kazajstán,2024-07-18
Apolinar Fiol-Alba,apolinar.fiol-alba@example.com,M,Ghana,2024-03-08
Alma Agustí Español,alma.agusti.espanol@example.com,M,Japón,2024-10-07
Aristides Bastida Gutiérrez,aristides.bastida.gutierrez@example.com,M,Bélgica,2024-04-22
Josefina Macías Berrocal,josefina.macias.berrocal@example.com,F,Haití,2025-07-25
Cesar Salcedo Niño,cesar.salcedo.nino@example.com,X,República de Corea,2024-07-04
Héctor Samper,hector.samper@example.com,F,Brunei Darussalam,2024-09-18
Carina Carpio Larrea,carina.carpio.larrea@example.com,F,Croacia,2025-10-10
Yésica del Ramón,yesica.del.ramon@example.com,X,Japón,2024-03-19
Anselmo Novoa Amigó,anselmo.novoa.amigo@example.com,X,Bhután,2024-10-18
Maximiliano Pedraza,maximiliano.pedraza@example.com,M,Namibia,2024-01-31
Maricruz Peral Zaragoza,maricruz.peral.zaragoza@example.com,F,Bangladesh,2025-05-01
Berto Marti Anaya,berto.marti.anaya@example.com,X,Venezuela,2024-03-19
Prudencia Figuerola Gomis,prudencia.figuerola.gomis@example.com,M,Libia,2025-06-13
Eligia Cánovas Vives,eligia.canovas.vives@example.com,M,Dinamarca,2023-12-30
Manu Segura Pomares,manu.segura.pomares@example.com,F,Papua Nueva Guinea,2025-06-28
Benito Macias-Montenegro,benito.macias-montenegro@example.com,M,Grecia,2025-08-13
Brígida Pellicer Aparicio,brigida.pellicer.aparicio@example.com,X,Bosnia y Herzegovina,2025-09-07
Luna Claudia Bonilla Tomas,luna.claudia.bonilla.tomas@example.com,X,Burundi,2025-10-15
Rolando Aranda Carrión,rolando.aranda.carrion@example.com,X,Filipinas,2024-06-03
María Teresa Rius Sáenz,maria.teresa.rius.saenz@example.com,X,Burundi,2024-02-09
Julián Sobrino Ortega,julian.sobrino.ortega@example.com,X,Comoras,2024-07-19
Eusebia de Pascual,eusebia.de.pascual@example.com,F,Gabón,2024-09-03
Martín Carranza Cánovas,martin.carranza.canovas@example.com,X,Malawi,2025-04-30
Diana Correa Zamorano,diana.correa.zamorano@example.com,X,Australia,2024-08-30
Conrado Jover-Vargas,conrado.jover-vargas@example.com,M,Togo,2024-10-28
Nacho Nevado Ferrándiz,nacho.nevado.ferrandiz@example.com,X,Sudán,2025-08-23
Maximiano Lázaro Jaén Bonilla,maximiano.lazaro.jaen.bonilla@example.com,F,Suriname,2024-01-03
Nayara de Enríquez,nayara.de.enriquez@example.com,F,Zambia,2024-11-13
Hernando Valera Villegas,hernando.valera.villegas@example.com,F,Malawi,2024-01-26
Berta Casanova Gálvez,berta.casanova.galvez@example.com,F,Afganistán,2025-05-12
María José Viñas,maria.jose.vinas@example.com,M,Belice,2024-04-09
Alexandra Cuadrado Linares,alexandra.cuadrado.linares@example.com,F,Bahrein,2024-05-01
Ildefonso Chamorro,ildefonso.chamorro@example.com,X,Maldivas,2024-06-09
Eligio del Pozo,eligio.del.pozo@example.com,X,Japón,2024-10-13
Perla Ribes-Heredia,perla.ribes-heredia@example.com,F,Costa Rica,2023-12-12
Leoncio Garcia Lloret,leoncio.garcia.lloret@example.com,M,Eslovenia,2024-02-24
Mariano del Sales,mariano.del.sales@example.com,F,Mozambique,2025-03-06
Coral Mendoza-Alsina,coral.mendoza-alsina@example.com,M,Timor-Leste,2024-07-22
Rosendo del Rosa,rosendo.del.rosa@example.com,M,Australia,2024-10-26
Leonor Morán-Echevarría,leonor.moran-echevarria@example.com,F,Venezuela,2025-02-24
Ignacia Rosales Suarez,ignacia.rosales.suarez@example.com,X,El Salvador,2024-12-17
Jordana Griselda Robledo Luque,jordana.griselda.robledo.luque@example.com,X,Noruega,2025-07-25
Albina Cervera Villena,albina.cervera.villena@example.com,F,Belarús,2025-10-30
Andrés Felipe Amaya Madrid,andres.felipe.amaya.madrid@example.com,M,Eritrea,2023-12-22
Guiomar Pombo Abad,guiomar.pombo.abad@example.com,M,Uzbekistán,2025-09-24
Reynaldo Ureña Enríquez,reynaldo.urena.enriquez@example.com,X,Portugal,2025-01-06
Serafina Gras-Bilbao,serafina.gras-bilbao@example.com,F,Jamaica,2024-07-28
Martin Feijoo Barco,martin.feijoo.barco@example.com,M,Arabia Saudita,2024-11-12
Amaya Felicia Benito González,amaya.felicia.benito.gonzalez@example.com,F,Camerún,2024-02-17
Juan José Estrada-Tirado,juan.jose.estrada-tirado@example.com,M,Santa Lucía,2025-06-21
Amarilis Hernández Viñas,amarilis.hernandez.vinas@example.com,X,Malawi,2024-05-07
Diego Parra Pinto,diego.parra.pinto@example.com,X,Panamá,2025-06-16
Ibán Blanes Bravo,iban.blanes.bravo@example.com,M,Lituania,2025-04-08
Demetrio Rico Fuster,demetrio.rico.fuster@example.com,F,Grecia,2024-07-20
Ángeles Arribas Ramírez,angeles.arribas.ramirez@example.com,X,Venezuela,2024-03-17
Paco Castejón Arnaiz,paco.castejon.arnaiz@example.com,F,El Salvador,2025-03-24
Vanesa Escolano-Linares,vanesa.escolano-linares@example.com,X,Seychelles,2024-02-12
Rosa Nevado Millán,rosa.nevado.millan@example.com,M,Países Bajos,2025-08-25
Sofía de Elorza,sofia.de.elorza@example.com,M,Belarús,2024-05-11
Lilia Casal Cardona,lilia.casal.cardona@example.com,X,Suiza,2024-07-13
Martín Bolaños Alemán,martin.bolanos.aleman@example.com,M,Togo,2024-09-07
Felisa García Arenas,felisa.garcia.arenas@example.com,X,Etiopía,2024-01-10
José Luis Lara Ortuño,jose.luis.lara.ortuno@example.com,F,Namibia,2024-08-12
César Asensio Sanmartín,cesar.asensio.sanmartin@example.com,F,Nueva Zelandia,2025-08-25
Josefa Llamas Sevillano,josefa.llamas.sevillano@example.com,F,Irán,2024-11-01
Marino de Vilalta,marino.de.vilalta@example.com,M,Seychelles,2025-09-01
Lupita Luís Palacios,lupita.luis.palacios@example.com,F,República Checa,2025-05-08
Lucía Corbacho Iglesias,lucia.corbacho.iglesias@example.com,X,Chile,2024-07-21
Wilfredo Viana Peñas,wilfredo.viana.penas@example.com,M,Namibia,2024-09-30
Epifanio Montaña Vergara,epifanio.montana.vergara@example.com,F,Gambia,2025-09-08
Jeremías Ferrer,jeremias.ferrer@example.com,M,Suecia,2023-12-04
Carmela del Marqués,carmela.del.marques@example.com,M,Uganda,2024-06-24
Ángeles Benavides Castell,angeles.benavides.castell@example.com,X,Sri Lanka,2024-12-24
Benjamín Parra,benjamin.parra@example.com,X,Libia,2024-06-27
Rocío Rosselló Barón,rocio.rossello.baron@example.com,X,San Vicente y las Granadinas,2025-03-17
Benigno Valle Solsona,benigno.valle.solsona@example.com,X,China,2025-01-03
Nadia Olivia Posada Lopez,nadia.olivia.posada.lopez@example.com,X,Georgia,2025-05-11
Pelayo Ferreras Pelayo,pelayo.ferreras.pelayo@example.com,X,Irlanda,2024-03-17
Lisandro Sala Murillo,lisandro.sala.murillo@example.com,F,Niger,2025-06-06
Ascensión Llamas Pallarès,ascension.llamas.pallares@example.com,X,Canadá,2023-12-08
Consuelo Iborra Granados,consuelo.iborra.granados@example.com,X,República Dominicana,2024-05-30
Chus Falcó Real,chus.falco.real@example.com,M,Guinea Bissau,2024-04-08
Simón Barrena Palomares,simon.barrena.palomares@example.com,X,Papua Nueva Guinea,2024-08-21
Filomena Meléndez Lladó,filomena.melendez.llado@example.com,F,Georgia,2025-04-22
Emilia Tamayo Pedrosa,emilia.tamayo.pedrosa@example.com,X,Sudáfrica,2025-08-02
Fausto del Aroca,fausto.del.aroca@example.com,M,Bosnia y Herzegovina,2025-08-31
Ariel Hoyos Alcázar,ariel.hoyos.alcazar@example.com,F,Dominicana,2025-01-19
Raúl Villalba Mendoza,raul.villalba.mendoza@example.com,X,Maldivas,2025-05-21
Azahara Aguiló Barreda,azahara.aguilo.barreda@example.com,X,Libia,2025-05-13
Isabel Garrido Reig,isabel.garrido.reig@example.com,F,Filipinas,2025-08-31
Loreto de Gual,loreto.de.gual@example.com,M,Chipre,2025-04-26
Tere Barceló Manzano,tere.barcelo.manzano@example.com,F,Nigeria,2024-05-28
Ale Hervás Morillo,ale.hervas.morillo@example.com,X,Sierra Leona,2025-03-24
Celestino Cabañas Bernal,celestino.cabanas.bernal@example.com,F,Comoras,2025-01-12
Francisco Jose Cañellas Azcona,francisco.jose.canellas.azcona@example.com,F,Perú,2024-10-13
Jose Francisco Barba Feliu,jose.francisco.barba.feliu@example.com,X,Alemania,2023-12-17
Estefanía Salvador-Niño,estefania.salvador-nino@example.com,F,Australia,2025-04-06
Adán Tenorio-Hernando,adan.tenorio-hernando@example.com,M,Afganistán,2025-06-13
Luciano Ramírez Infante,luciano.ramirez.infante@example.com,M,Swazilandia,2024-04-21
Óscar Escribano Andrade,oscar.escribano.andrade@example.com,X,Ucrania,2025-03-27
Sarita Blanco Crespi,sarita.blanco.crespi@example.com,M,Guinea,2024-01-30
Eloísa Cuervo Antón,eloisa.cuervo.anton@example.com,F,Guinea,2025-04-15
Silvia Tomas Pombo,silvia.tomas.pombo@example.com,X,Ghana,2024-02-04
Paloma España Bravo,paloma.espana.bravo@example.com,X,República de Moldova,2025-01-23
Pelayo Gonzalo Codina,pelayo.gonzalo.codina@example.com,F,Camboya,2025-10-26
Eligia del Niño,eligia.del.nino@example.com,F,Nicaragua,2023-12-04
Victoriano Giner,victoriano.giner@example.com,X,República Árabe Siria,2024-08-08
Amador Rebollo Torrens,amador.rebollo.torrens@example.com,M,Granada,2025-06-01
Lope Mancebo Buendía,lope.mancebo.buendia@example.com,M,Rwanda,2024-12-12
Luis Agudo-Saez,luis.agudo-saez@example.com,M,Comoras,2025-03-01
Ema Nogués Múgica,ema.nogues.mugica@example.com,F,Comoras,2024-05-01
Jordán del Prat,jordan.del.prat@example.com,M,Rumania,2024-02-15
Lino Campillo-Cal,lino.campillo-cal@example.com,M,Comoras,2023-12-22
Ariel de Manuel,ariel.de.manuel@example.com,M,Barbados,2024-12-03
Natanael Gabino Bastida Serra,natanael.gabino.bastida.serra@example.com,M,Kuwait,2024-12-02
Nayara Reina,nayara.reina@example.com,F,Uruguay,2025-10-23
Sancho Quevedo Bou,sancho.quevedo.bou@example.com,X,Angola,2024-12-14
Zacarías Exposito-Castrillo,zacarias.exposito-castrillo@example.com,M,Kirguistán,2023-11-23
Gabriel Miranda Palomino,gabriel.miranda.palomino@example.com,F,Niger,2024-01-28
Amancio Aitor Salcedo Goñi,amancio.aitor.salcedo.goni@example.com,X,Tonga,2025-03-04
Omar Cepeda Lara,omar.cepeda.lara@example.com,M,Panamá,2024-11-17
Raimundo Moisés Gras Ugarte,raimundo.moises.gras.ugarte@example.com,X,Polonia,2024-12-18
Xiomara del Murillo,xiomara.del.murillo@example.com,F,Chad,2025-04-04
Ruy Garmendia-Cabrero,ruy.garmendia-cabrero@example.com,F,Islas Salomón,2024-11-19
Luis Comas Monreal,luis.comas.monreal@example.com,X,Bélgica,2024-05-23
César Simón Zabaleta Antón,cesar.simon.zabaleta.anton@example.com,F,Mauritania,2025-04-20
César Heras,cesar.heras@example.com,M,Nicaragua,2025-05-15
Carmela Oller Lloret,carmela.oller.lloret@example.com,F,Irlanda,2023-11-30
Hector Casares,hector.casares@example.com,F,Togo,2025-05-29
Palmira Cruz Puga Arias,palmira.cruz.puga.arias@example.com,M,Ucrania,2023-12-01
Abel Benjamín Rivas Berenguer,abel.benjamin.rivas.berenguer@example.com,X,Haití,2024-07-07
Teobaldo Castells Dávila,teobaldo.castells.davila@example.com,M,Congo,2025-05-27
Eva Cuadrado Vilaplana,eva.cuadrado.vilaplana@example.com,X,Federación de Rusia,2024-12-06
Estrella Lobato Becerra,estrella.lobato.becerra@example.com,X,Samoa,2025-07-17
Gema de Gisbert,gema.de.gisbert@example.com,M,Lituania,2024-02-06
Osvaldo Luján-Mancebo,osvaldo.lujan-mancebo@example.com,F,Ghana,2024-09-15
Merche Roldan Martín,merche.roldan.martin@example.com,X,Angola,2024-08-27
Herminio Hernán Castro Aparicio,herminio.hernan.castro.aparicio@example.com,M,Luxemburgo,2024-10-15
Lupe Salas,lupe.salas@example.com,X,Comoras,2024-05-06
Francisco Jose Hoyos Cámara,francisco.jose.hoyos.camara@example.com,X,República Dominicana,2024-07-14
Zaida Ledesma Neira,zaida.ledesma.neira@example.com,X,Iraq,2025-09-29
Marcial Rodriguez Río,marcial.rodriguez.rio@example.com,F,Ghana,2025-06-29
Tecla Menéndez Guerra,tecla.menendez.guerra@example.com,F,Uruguay,2025-02-11
Evelia Malena Figueras Peralta,evelia.malena.figueras.peralta@example.com,X,Sudán,2024-12-13
Lázaro Echevarría Ribes,lazaro.echevarria.ribes@example.com,M,San Vicente y las Granadinas,2025-09-08
Eutimio Goñi Mateos,eutimio.goni.mateos@example.com,F,Grecia,2024-07-06
Juan Chaves Palomar,juan.chaves.palomar@example.com,F,Trinidad y Tabago,2024-03-09
Alfredo Meléndez Ribes,alfredo.melendez.ribes@example.com,X,Irlanda,2025-01-22
Eugenia Lozano Sainz,eugenia.lozano.sainz@example.com,X,Túnez,2025-09-10
Hilda Andreu Barral,hilda.andreu.barral@example.com,X,Nauru,2024-09-08
Maxi Porta Herranz,maxi.porta.herranz@example.com,F,República de Moldova,2023-12-01
Coral Gimenez-Piñol,coral.gimenez-pinol@example.com,F,Bosnia y Herzegovina,2024-05-17
Domingo Samper Marco,domingo.samper.marco@example.com,X,Suiza,2025-07-04
Ambrosio Font-Talavera,ambrosio.font-talavera@example.com,M,Bosnia y Herzegovina,2024-09-11
Geraldo Ramis Requena,geraldo.ramis.requena@example.com,F,Austria,2024-04-22
Amancio Sevillano,amancio.sevillano@example.com,X,Austria,2024-06-02
Charo Pastor Bartolomé,charo.pastor.bartolome@example.com,M,Iraq,2025-08-01
Amaro del Santiago,amaro.del.santiago@example.com,X,Marruecos,2025-02-02
Custodia Lamas Peralta,custodia.lamas.peralta@example.com,M,Palau,2025-09-19
Juan Luis Carreño Coloma,juan.luis.carreno.coloma@example.com,X,Ucrania,2024-09-28
Cruz Pedro Bellido,cruz.pedro.bellido@example.com,M,Senegal,2024-04-28
Sigfrido Viña Tello,sigfrido.vina.tello@example.com,X,Azerbaiyán,2024-11-27
Chita Gonzalo Uriarte,chita.gonzalo.uriarte@example.com,M,República de Macedonia del Norte,2024-12-17
Blas España Taboada,blas.espana.taboada@example.com,X,Hungría,2024-09-08
Enrique Cózar Rivas,enrique.cozar.rivas@example.com,M,Mauritania,2024-07-10
Yago Vall Valls,yago.vall.valls@example.com,M,Suiza,2024-06-05
Bernardo Villaverde Esparza,bernardo.villaverde.esparza@example.com,M,Chile,2025-10-21
Juan José Bonet,juan.jose.bonet@example.com,X,República Dominicana,2024-09-19
Adora Amores,adora.amores@example.com,X,Camboya,2024-07-30
Gabriela Falcó Amat,gabriela.falco.amat@example.com,X,Uzbekistán,2024-06-06
Camila Vera,camila.vera@example.com,X,Togo,2024-01-01
Demetrio Font Alcázar,demetrio.font.alcazar@example.com,F,Federación de Rusia,2025-07-23
Eusebio Cordero Cisneros,eusebio.cordero.cisneros@example.com,M,Marruecos,2024-08-27
Florentino Rosales Zurita,florentino.rosales.zurita@example.com,X,Chipre,2023-11-25
Emperatriz Blasco Mosquera,emperatriz.blasco.mosquera@example.com,X,Botswana,2024-06-10
Irene Alegre Vilaplana,irene.alegre.vilaplana@example.com,F,Congo,2024-12-18
Tomás Buendía Izaguirre,tomas.buendia.izaguirre@example.com,M,Argentina,2024-08-31
Vera Amaya Niño,vera.amaya.nino@example.com,F,Mónaco,2024-01-07
