nombre,email,genero,pais,fecha_registro
Aníbal Duarte Gras,anibal.duarte.gras@example.com,F,República Unida de Tanzanía,2024-02-24
Alejo Quintanilla Vazquez,alejo.quintanilla.vazquez@example.com,F,Líbano,2024-10-18
Sigfrido Osvaldo Valle Hurtado,sigfrido.osvaldo.valle.hurtado@example.com,M,Filipinas,2024-12-06
Soledad Sarita Suarez Ortega,soledad.sarita.suarez.ortega@example.com,M,Timor-Leste,2024-03-08
Marcelo Flores Puga,marcelo.flores.puga@example.com,F,Mongolia,2025-07-05
Pili Almeida-Morán,pili.almeida-moran@example.com,M,Etiopía,2025-06-12
Rosario Fajardo,rosario.fajardo@example.com,F,Kenya,2023-12-23
Borja Asenjo Mínguez,borja.asenjo.minguez@example.com,F,Dominicana,2023-12-11
Begoña Saez Camino,begona.saez.camino@example.com,F,Myanmar,2025-08-28
Ildefonso Navarro,ildefonso.navarro@example.com,M,Papua Nueva Guinea,2025-01-16
Carmelita Ros Carpio,carmelita.ros.carpio@example.com,F,Francia,2024-07-26
Carmen Oliva Artigas,carmen.oliva.artigas@example.com,F,Líbano,2024-07-22
Natividad Mercader,natividad.mercader@example.com,M,Bulgaria,2025-05-01
Angélica Clara Heras Burgos,angelica.clara.heras.burgos@example.com,F,Kirguistán,2025-08-04
Amando Estrada Calderon,amando.estrada.calderon@example.com,M,Papua Nueva Guinea,2024-01-21
Silvestre Arenas Garmendia,silvestre.arenas.garmendia@example.com,F,Bolivia,2025-03-01
Natanael Arjona,natanael.arjona@example.com,F,Gabón,2025-04-14
Pepita Sola Palau,pepita.sola.palau@example.com,M,Kuwait,2025-04-11
Carlota Pelayo Ocaña,carlota.pelayo.ocana@example.com,F,República Dominicana,2025-01-03
Áurea Paniagua Hernandez,aurea.paniagua.hernandez@example.com,M,Botswana,2023-12-19
Josué Silvio Pujadas Águila,josue.silvio.pujadas.aguila@example.com,M,Malasia,2024-09-29
Narciso Acuña Buendía,narciso.acuna.buendia@example.com,F,Nigeria,2024-08-07
Encarnación Piñeiro Cordero,encarnacion.pineiro.cordero@example.com,F,Papua Nueva Guinea,2024-02-22
Loreto Meléndez Baena,loreto.melendez.baena@example.com,M,Bahamas,2024-02-16
Alex Ferreras Delgado,alex.ferreras.delgado@example.com,M,Senegal,2025-10-23
Dimas Peral Aguilera,dimas.peral.aguilera@example.com,F,Croacia,2025-10-11
Simón Vicente Barrios,simon.vicente.barrios@example.com,F,Kenya,2024-06-23
Fidel Seco Porcel,fidel.seco.porcel@example.com,F,Tailandia,2024-11-30
Gertrudis Puerta Cases,gertrudis.puerta.cases@example.com,M,Chile,2024-10-03
Leandro Reynaldo Romero Uribe,leandro.reynaldo.romero.uribe@example.com,F,Guinea,2024-03-20
Cristóbal Menendez Calatayud,cristobal.menendez.calatayud@example.com,M,Emiratos Árabes Unidos,2025-06-30
Lucila Román Amores,lucila.roman.amores@example.com,F,Swazilandia,2024-12-17
Quique Julio Miralles Diez,quique.julio.miralles.diez@example.com,M,Gambia,2024-11-15
Adela de Villegas,adela.de.villegas@example.com,F,Noruega,2025-08-11
Miguel Bueno Isern,miguel.bueno.isern@example.com,F,Albania,2024-10-23
Cleto Morera Mendizábal,cleto.morera.mendizabal@example.com,M,Bhután,2023-12-21
Celia Cobo Torrecilla,celia.cobo.torrecilla@example.com,M,Burkina Faso,2025-07-01
Mario Maximiano Casanovas Luque,mario.maximiano.casanovas.luque@example.com,F,Noruega,2025-09-03
Silvia Sarmiento Durán,silvia.sarmiento.duran@example.com,M,Botswana,2024-07-08
Albano Cantón Estévez,albano.canton.estevez@example.com,M,Gambia,2024-12-12
Édgar de Castelló,edgar.de.castello@example.com,M,Bahrein,2025-05-24
Flor Crespi Pallarès,flor.crespi.pallares@example.com,F,Liberia,2024-03-05
Leonel Porras Carreras,leonel.porras.carreras@example.com,F,Honduras,2025-05-02
Angelina del Tomé,angelina.del.tome@example.com,M,Papua Nueva Guinea,2025-03-17
Azahar Izaguirre Caballero,azahar.izaguirre.caballero@example.com,M,Camboya,2023-12-07
Gerónimo de Niño,geronimo.de.nino@example.com,F,Israel,2025-05-16
Reinaldo Lerma Pazos,reinaldo.lerma.pazos@example.com,F,Guinea Bissau,2024-06-18
Gregorio Sastre,gregorio.sastre@example.com,M,Tayikistán,2025-01-06
Débora Camacho,debora.camacho@example.com,M,Libia,2024-03-04
Piedad Barrena Fuster,piedad.barrena.fuster@example.com,M,Guatemala,2025-07-01
Sigfrido Jaén Piquer,sigfrido.jaen.piquer@example.com,M,Islas Salomón,2024-02-23
Prudencia Echeverría Macias,prudencia.echeverria.macias@example.com,F,Belice,2024-07-09
Leonardo Escribano Iñiguez,leonardo.escribano.iniguez@example.com,F,Paraguay,2025-01-16
Angelino Epifanio Grande Cañete,angelino.epifanio.grande.canete@example.com,M,Sri Lanka,2025-09-14
Eligio Merino Alcalde,eligio.merino.alcalde@example.com,F,Nicaragua,2025-09-18
Martirio Mariño Adadia,martirio.marino.adadia@example.com,F,Afganistán,2025-01-25
Josué Mínguez Revilla,josue.minguez.revilla@example.com,M,Ecuador,2024-06-16
Valentín Lozano Carballo,valentin.lozano.carballo@example.com,F,Uruguay,2024-06-27
Bernarda de Goicoechea,bernarda.de.goicoechea@example.com,M,San Vicente y las Granadinas,2023-11-23
Santos Reig Cerro,santos.reig.cerro@example.com,M,Sudáfrica,2024-01-03
Lucas Asdrubal Ayllón Sans,lucas.asdrubal.ayllon.sans@example.com,F,Kiribati,2025-08-03
Vasco Castro Macías,vasco.castro.macias@example.com,F,Reino Unido de Gran Bretaña e Irlanda del Norte,2025-04-22
Sancho Viñas Granados,sancho.vinas.granados@example.com,M,Ghana,2024-11-21
Silvia Ugarte Granados,silvia.ugarte.granados@example.com,M,Libia,2025-08-20
Rosenda Doménech-Morcillo,rosenda.domenech-morcillo@example.com,F,Bolivia,2024-12-27
Felipa Lopez Tovar,felipa.lopez.tovar@example.com,M,Irán,2025-06-14
Jimena Barba Palomo,jimena.barba.palomo@example.com,F,Jordania,2024-04-07
Hugo Márquez Ferrán,hugo.marquez.ferran@example.com,M,Grecia,2025-07-01
Juan Carlos Murillo Montserrat,juan.carlos.murillo.montserrat@example.com,F,Sudán,2025-11-01
Casemiro Aliaga Lloret,casemiro.aliaga.lloret@example.com,M,Eslovenia,2023-12-21
Socorro Villa Vázquez,socorro.villa.vazquez@example.com,F,Camboya,2024-01-17
Amarilis Belmonte Palacios,amarilis.belmonte.palacios@example.com,M,Polonia,2025-02-26
Cándida Torre Lara,candida.torre.lara@example.com,F,Turkmenistán,2025-01-09
Marco Coronado Benavides,marco.coronado.benavides@example.com,M,Etiopía,2024-03-08
Carmela Lucas-Quintana,carmela.lucas-quintana@example.com,F,Suriname,2024-04-05
Isidoro Ramis Ferrer,isidoro.ramis.ferrer@example.com,F,Vietman,2023-12-06
Ruben Canales,ruben.canales@example.com,M,Finlandia,2024-12-16
Aránzazu Cuevas Crespo,aranzazu.cuevas.crespo@example.com,F,Portugal,2025-06-18
Manu Miguela Palomo Carbó,manu.miguela.palomo.carbo@example.com,F,Mongolia,2025-06-22
Virgilio Lloret Rodríguez,virgilio.lloret.rodriguez@example.com,M,Uruguay,2024-10-07
Teodosio Antúnez Robledo,teodosio.antunez.robledo@example.com,F,Dinamarca,2025-05-18
Ángeles Blanco Cerdá,angeles.blanco.cerda@example.com,F,Namibia,2025-07-23
Rafa Diaz Pujol,rafa.diaz.pujol@example.com,M,Congo,2024-08-30
Nicolás Sáenz-Bayón,nicolas.saenz-bayon@example.com,M,Cuba,2025-02-15
Ema Adelaida Peinado Torralba,ema.adelaida.peinado.torralba@example.com,M,España,2025-11-02
Consuela Fernández Salinas,consuela.fernandez.salinas@example.com,M,Rumania,2025-06-24
Selena Larrea Cánovas,selena.larrea.canovas@example.com,F,Estados Unidos de América,2024-11-06
Olalla de Nogués,olalla.de.nogues@example.com,F,Israel,2025-02-17
Clarisa Hernandez,clarisa.hernandez@example.com,F,México,2025-07-21
Ariadna Consuelo Gallart Reguera,ariadna.consuelo.gallart.reguera@example.com,F,Cuba,2025-10-15
Darío Alcolea,dario.alcolea@example.com,M,Barbados,2024-07-03
Sabina Sureda Roselló,sabina.sureda.rosello@example.com,F,Reino Unido de Gran Bretaña e Irlanda del Norte,2025-02-06
Elena Blanca Buendía,elena.blanca.buendia@example.com,M,Dominicana,2025-08-28
Jimena Espinosa Montes,jimena.espinosa.montes@example.com,M,Liechtenstein,2024-08-05
Luisina Valcárcel Torrecilla,luisina.valcarcel.torrecilla@example.com,F,Brasil,2024-12-02
Ligia Garay Bartolomé,ligia.garay.bartolome@example.com,M,Hungría,2024-10-15
Elena Maxi Zaragoza Mateu,elena.maxi.zaragoza.mateu@example.com,F,Líbano,2024-06-15
Mercedes Sarabia Iriarte,mercedes.sarabia.iriarte@example.com,M,Mali,2025-06-22
Teodora Puga Gallo,teodora.puga.gallo@example.com,M,Brunei Darussalam,2025-10-10
Lilia Novoa Español,lilia.novoa.espanol@example.com,F,Túnez,2025-06-05
Atilio Arribas,atilio.arribas@example.com,F,Kuwait,2024-04-14
Miriam Sobrino Bosch,miriam.sobrino.bosch@example.com,M,Perú,2023-11-30
Jose Ramón del Grau,jose.ramon.del.grau@example.com,F,Belarús,2025-11-14
Jose Miguel del Laguna,jose.miguel.del.laguna@example.com,F,Cuba,2025-03-24
Verónica Puerta Calzada,veronica.puerta.calzada@example.com,M,Congo,2025-03-20
Silvio Padilla,silvio.padilla@example.com,M,Guinea Bissau,2024-08-21
Lucía Arteaga Prats,lucia.arteaga.prats@example.com,F,República Unida de Tanzanía,2025-03-30
Abel Moll-Cañellas,abel.moll-canellas@example.com,M,República Popular Democrática de Corea,2024-03-23
Fernanda de Borja,fernanda.de.borja@example.com,F,Guinea Ecuatorial,2025-02-08
Serafina Ballester Marí,serafina.ballester.mari@example.com,F,España,2024-04-28
Reyes Mariño-Bermejo,reyes.marino-bermejo@example.com,F,Micronesia,2024-10-25
Ismael Folch Montoya,ismael.folch.montoya@example.com,F,Jamaica,2025-09-15
Felicidad Melero,felicidad.melero@example.com,M,Eritrea,2025-04-28
Mirta Garcia Campo,mirta.garcia.campo@example.com,M,Guinea Ecuatorial,2025-10-09
Piedad del Barceló,piedad.del.barcelo@example.com,F,República de Macedonia del Norte,2024-11-02
Ricarda Cuevas Cuadrado,ricarda.cuevas.cuadrado@example.com,M,Antigua y Barbuda,2025-08-04
Cristian Costa Francisco,cristian.costa.francisco@example.com,F,Portugal,2024-04-03
Severo Blázquez Escudero,severo.blazquez.escudero@example.com,M,Guinea Bissau,2025-10-26
Baldomero Suarez Puig,baldomero.suarez.puig@example.com,F,República Centroafricana,2024-04-21
Maricela de Herrera,maricela.de.herrera@example.com,M,Polonia,2025-05-17
Rosario de Marí,rosario.de.mari@example.com,F,Japón,2025-04-23
Clemente Martorell Aranda,clemente.martorell.aranda@example.com,F,El Salvador,2025-06-10
Fulgencio Zorrilla,fulgencio.zorrilla@example.com,M,Sudáfrica,2023-11-29
Merche Llanos Morales,merche.llanos.morales@example.com,M,República Federal Democrática de Nepal,2025-07-10
Sara Hoz Palma,sara.hoz.palma@example.com,F,Namibia,2024-08-03
Leire Perla Miró Llanos,leire.perla.miro.llanos@example.com,F,Italia,2024-11-26
Alfonso Manuel Barros,alfonso.manuel.barros@example.com,F,Mongolia,2025-09-26
Felipe Hierro-Villalobos,felipe.hierro-villalobos@example.com,M,Bahrein,2024-09-10
Luz Rocamora Recio,luz.rocamora.recio@example.com,M,Australia,2025-07-03
Elías de Bejarano,elias.de.bejarano@example.com,M,Trinidad y Tabago,2025-08-24
Noelia Teruel Borja,noelia.teruel.borja@example.com,F,Turquía,2024-03-16
Constanza Corbacho,constanza.corbacho@example.com,F,Estonia,2025-06-10
Galo Requena Sierra,galo.requena.sierra@example.com,F,Australia,2024-03-14
María Carmen Jessica Atienza Moll,maria.carmen.jessica.atienza.moll@example.com,F,Belarús,2025-09-04
Olalla Ibañez Francisco,olalla.ibanez.francisco@example.com,F,Cabo Verde,2024-12-28
Aroa Riba,aroa.riba@example.com,F,Marruecos,2025-01-05
Rodrigo Ibáñez Esparza,rodrigo.ibanez.esparza@example.com,F,Paraguay,2023-12-18
Seve del Tovar,seve.del.tovar@example.com,M,Rwanda,2025-02-03
María Dalila Aguilar Fuentes,maria.dalila.aguilar.fuentes@example.com,M,Austria,2023-12-04
Francisco Javier Rico Merino Villegas,francisco.javier.rico.merino.villegas@example.com,F,Turquía,2025-04-22
Chucho Tovar Piñeiro,chucho.tovar.pineiro@example.com,M,Colombia,2024-06-16
Fanny Morell Arce,fanny.morell.arce@example.com,F,Polonia,2024-12-29
Nacio Morell Bueno,nacio.morell.bueno@example.com,F,República Unida de Tanzanía,2025-04-26
Mario Borja-Noriega,mario.borja-noriega@example.com,F,Andorra,2024-09-23
Pili Cortina Rocha,pili.cortina.rocha@example.com,M,Bhután,2024-12-26
Gisela Ríos Cañete,gisela.rios.canete@example.com,M,Chile,2025-05-12
Santos Diaz,santos.diaz@example.com,M,Pakistán,2024-09-24
Rosalina Nebot,rosalina.nebot@example.com,M,Bolivia,2025-05-23
Marisa Solsona Aller,marisa.solsona.aller@example.com,F,Islas Salomón,2024-06-04
Aroa Azeneth Jaume Sanmiguel,aroa.azeneth.jaume.sanmiguel@example.com,M,Eslovenia,2024-04-23
Concepción Martínez Torralba,concepcion.martinez.torralba@example.com,M,Bahamas,2025-04-13
Consuela Martínez,consuela.martinez@example.com,F,Camboya,2025-05-13
Manu Bejarano,manu.bejarano@example.com,F,Mali,2024-09-29
Teodora Mendizábal Bermejo,teodora.mendizabal.bermejo@example.com,M,Guinea Bissau,2025-11-02
Custodia Carranza Román,custodia.carranza.roman@example.com,M,Rwanda,2024-04-28
Albano Bermudez Abellán,albano.bermudez.abellan@example.com,M,Uganda,2025-05-11
Cecilia Esparza Manrique,cecilia.esparza.manrique@example.com,M,Qatar,2025-01-18
Trinidad Isern Sanabria,trinidad.isern.sanabria@example.com,M,Santo Tomé y Príncipe,2025-10-31
Jessica del Calderon,jessica.del.calderon@example.com,M,Mali,2024-04-23
Tristán Reyes Canales,tristan.reyes.canales@example.com,M,Reino Unido de Gran Bretaña e Irlanda del Norte,2024-08-30
Belen Colomer Castilla,belen.colomer.castilla@example.com,M,Brasil,2025-10-10
Ágata Guzmán Catalán,agata.guzman.catalan@example.com,F,Micronesia,2025-08-31
Edelmiro Corbacho,edelmiro.corbacho@example.com,M,República Unida de Tanzanía,2025-07-19
Haroldo Hierro Torrecilla,haroldo.hierro.torrecilla@example.com,F,Suriname,2024-11-06
Coral Espinosa Téllez,coral.espinosa.tellez@example.com,F,Santo Tomé y Príncipe,2024-12-31
Bárbara Porras-Torre,barbara.porras-torre@example.com,F,Micronesia,2025-06-25
Saturnina Barba-Espada,saturnina.barba-espada@example.com,M,Armenia,2024-04-12
Sofía Rosario Alvarez Villena,sofia.rosario.alvarez.villena@example.com,M,Kirguistán,2025-05-25
Primitiva Roca Cerdá,primitiva.roca.cerda@example.com,M,Papua Nueva Guinea,2024-03-20
América Pol Herrera,america.pol.herrera@example.com,F,San Marino,2025-10-21
María Fernanda Ferrández Benet,maria.fernanda.ferrandez.benet@example.com,F,Liberia,2024-07-19
Dulce del Ricart,dulce.del.ricart@example.com,F,Benin,2025-10-14
Ibán Aragón Busquets,iban.aragon.busquets@example.com,M,Bahamas,2025-02-19
Lucía Bernat Cabanillas,lucia.bernat.cabanillas@example.com,M,Malawi,2024-05-15
Noemí de Alcántara,noemi.de.alcantara@example.com,M,Irlanda,2023-12-02
Cornelio Adadia Palau,cornelio.adadia.palau@example.com,F,Perú,2024-05-16
Nicolasa de Juliá,nicolasa.de.julia@example.com,M,República Árabe Siria,2025-06-14
Morena de Cadenas,morena.de.cadenas@example.com,M,Chad,2025-06-28
Maxi Céspedes-Ros,maxi.cespedes-ros@example.com,F,Belarús,2025-07-22
Maristela Perez Arnal,maristela.perez.arnal@example.com,F,Brasil,2025-09-09
Matilde Tomé-Torrijos,matilde.tome-torrijos@example.com,F,Mongolia,2025-10-31
Loreto Sastre Chaparro,loreto.sastre.chaparro@example.com,F,Sudán del Sur,2024-01-11
Flavia Borrego-Leiva,flavia.borrego-leiva@example.com,F,Niger,2024-02-14
Aurelio de Torralba,aurelio.de.torralba@example.com,F,Países Bajos,2024-03-26
Gonzalo Pascual Portero Alcalá,gonzalo.pascual.portero.alcala@example.com,F,China,2024-07-18
Félix Cervera Herrera,felix.cervera.herrera@example.com,F,República de Moldova,2023-12-21
Baltasar Saez Somoza,baltasar.saez.somoza@example.com,M,Uzbekistán,2024-04-21
Emma Cepeda Garmendia,emma.cepeda.garmendia@example.com,M,Azerbaiyán,2025-07-04
Timoteo Beltrán Torrijos,timoteo.beltran.torrijos@example.com,F,China,2024-02-21
Claudia Milla Ropero,claudia.milla.ropero@example.com,M,Papua Nueva Guinea,2023-12-12
Lupita Nebot Tapia,lupita.nebot.tapia@example.com,F,Federación de Rusia,2023-11-23
Pepita del Godoy,pepita.del.godoy@example.com,M,Kenya,2024-03-30
Sarita Pintor Hervás,sarita.pintor.hervas@example.com,M,Myanmar,2025-08-16
Pío del Agustí,pio.del.agusti@example.com,F,Venezuela,2024-03-06
Juan Bautista Palomino-Fiol,juan.bautista.palomino-fiol@example.com,M,Lituania,2024-12-22
Asunción Escalona Carlos,asuncion.escalona.carlos@example.com,F,Panamá,2024-03-07
Micaela Guzmán Zorrilla,micaela.guzman.zorrilla@example.com,F,Bangladesh,2024-02-20
Rosa María Abellán Anglada,rosa.maria.abellan.anglada@example.com,M,Kirguistán,2024-03-12
Silvia Asunción Conesa Pino,silvia.asuncion.conesa.pino@example.com,M,Irlanda,2024-04-07
Felisa del Feliu,felisa.del.feliu@example.com,M,Timor-Leste,2025-05-23
Haroldo Berrocal Bonilla,haroldo.berrocal.bonilla@example.com,F,Malta,2024-02-19
Fortunato Rueda Coello,fortunato.rueda.coello@example.com,M,Kiribati,2024-08-27
Felipe Duque,felipe.duque@example.com,F,Bhután,2024-06-02
Sancho Eladio Garay Manrique,sancho.eladio.garay.manrique@example.com,M,Argelia,2024-03-14
Chus Bayón Carlos,chus.bayon.carlos@example.com,M,Burkina Faso,2025-06-19
Irene Font Trujillo,irene.font.trujillo@example.com,F,Nigeria,2025-06-10
María Carmen Galan Roma,maria.carmen.galan.roma@example.com,M,Brunei Darussalam,2024-05-01
Daniela del Flores,daniela.del.flores@example.com,F,El Salvador,2024-07-16
Rosalinda del Llorente,rosalinda.del.llorente@example.com,M,Uruguay,2024-09-29
Graciela José Mateo Herranz,graciela.jose.mateo.herranz@example.com,M,Letonia,2025-06-10
Verónica de Mateu,veronica.de.mateu@example.com,M,Kirguistán,2025-08-06
Clotilde Prado Orozco,clotilde.prado.orozco@example.com,F,Colombia,2024-01-02
Andrés Reig Falcón,andres.reig.falcon@example.com,M,Saint Kitts y Nevis,2024-03-24
Anastasio Íñigo Bastida Cervantes,anastasio.inigo.bastida.cervantes@example.com,M,Gabón,2025-04-27
Nazaret de Guijarro,nazaret.de.guijarro@example.com,M,Federación de Rusia,2025-04-04
Alonso Torrecilla-Durán,alonso.torrecilla-duran@example.com,F,República Democrática Popular Lao,2024-04-16
Alexandra Puig-Oliveras,alexandra.puig-oliveras@example.com,F,Nauru,2025-08-03
Leticia Millán Dueñas,leticia.millan.duenas@example.com,F,Haití,2024-12-14
Macarena Real Serra,macarena.real.serra@example.com,F,Estonia,2024-05-18
Belen Tejera-Almazán,belen.tejera-almazan@example.com,M,Honduras,2024-12-01
Hilda Tamayo Ferrando,hilda.tamayo.ferrando@example.com,F,Uruguay,2025-02-02
Remedios Coello Enríquez,remedios.coello.enriquez@example.com,M,Angola,2024-10-17
Eli Navarrete Esparza,eli.navarrete.esparza@example.com,F,Suriname,2023-12-17
Ruth Liliana Bru Pla,ruth.liliana.bru.pla@example.com,F,Serbia,2025-05-25
Armida Ordóñez Andrés,armida.ordonez.andres@example.com,M,Panamá,2024-09-02
Seve Rios Casado,seve.rios.casado@example.com,F,Países Bajos,2025-04-05
Duilio Rovira Vázquez,duilio.rovira.vazquez@example.com,M,Honduras,2024-01-29
Chema Almeida Benavente,chema.almeida.benavente@example.com,F,Reino Unido de Gran Bretaña e Irlanda del Norte,2024-10-03
Flavia Garcia Anguita,flavia.garcia.anguita@example.com,F,México,2024-12-06
Prudencia Goñi Giralt,prudencia.goni.giralt@example.com,F,Timor-Leste,2024-08-01
Maximiliano de Fabra,maximiliano.de.fabra@example.com,M,Haití,2024-11-15
Roberta Carreño Bueno,roberta.carreno.bueno@example.com,F,Somalia,2024-05-26
Conrado Poncio Miró Leon,conrado.poncio.miro.leon@example.com,M,Malta,2025-01-18
Berto Coca Barros,berto.coca.barros@example.com,F,Israel,2025-05-03
Marina Perez,marina.perez@example.com,F,Hungría,2024-02-06
Norberto Millán-Cárdenas,norberto.millan-cardenas@example.com,F,India,2025-07-13
Fidel Pazos Belda,fidel.pazos.belda@example.com,M,Bahrein,2025-09-24
Salvador Grau Carnero,salvador.grau.carnero@example.com,F,Belarús,2024-08-31
Albano Bárcena Hidalgo,albano.barcena.hidalgo@example.com,M,Dominicana,2025-08-18
Carla Gil Sastre,carla.gil.sastre@example.com,F,Dominicana,2025-02-02
Pascuala Cases Neira,pascuala.cases.neira@example.com,M,Malawi,2024-12-23
Darío Duarte Solé,dario.duarte.sole@example.com,M,Mónaco,2024-08-28
Diego Belmonte Carranza,diego.belmonte.carranza@example.com,M,Georgia,2024-09-01
José Mari Diego Gargallo,jose.mari.diego.gargallo@example.com,M,Finlandia,2025-10-10
Benita Llamas Heredia,benita.llamas.heredia@example.com,F,Uganda,2024-01-23
Florencia Cervera Olivares,florencia.cervera.olivares@example.com,M,Bélgica,2025-05-23
Dorotea María Luisa Escrivá Gargallo,dorotea.maria.luisa.escriva.gargallo@example.com,F,Côte d'Ivoire,2024-08-10
Crescencia Sales Neira,crescencia.sales.neira@example.com,M,Uzbekistán,2025-03-06
Aarón Pulido,aaron.pulido@example.com,M,Luxemburgo,2024-02-13
Paulino Ale Garzón Tena,paulino.ale.garzon.tena@example.com,M,República Dominicana,2023-11-27
Armida Cáceres-Falcón,armida.caceres-falcon@example.com,F,Letonia,2025-08-17
Vilma Adriana Figuerola Prat,vilma.adriana.figuerola.prat@example.com,F,Omán,2024-10-24
Antonia de Morata,antonia.de.morata@example.com,F,Rwanda,2024-09-18
Sandra Tovar,sandra.tovar@example.com,F,Senegal,2025-06-29
Hernando Agustín,hernando.agustin@example.com,F,Gabón,2024-10-23
Inocencio Chaves Alberdi,inocencio.chaves.alberdi@example.com,M,Guinea Ecuatorial,2024-02-11
Gabriela Cisneros Trujillo,gabriela.cisneros.trujillo@example.com,M,Nigeria,2024-12-25
Teodoro Borrego Acuña,teodoro.borrego.acuna@example.com,F,Bulgaria,2024-05-05
Anastasia Iriarte Palomino,anastasia.iriarte.palomino@example.com,F,Marruecos,2024-09-26
Ángela Bolaños Larrañaga,angela.bolanos.larranaga@example.com,F,República Dominicana,2024-03-17
Atilio de Canals,atilio.de.canals@example.com,F,Bangladesh,2024-07-17
Apolonia Marisela Rosales Puig,apolonia.marisela.rosales.puig@example.com,M,Trinidad y Tabago,2024-01-18
Leopoldo Aguado Salinas,leopoldo.aguado.salinas@example.com,M,Indonesia,2024-06-04
Fabio Uriarte Roca,fabio.uriarte.roca@example.com,F,Guinea Ecuatorial,2023-12-26
Marisa Pallarès Guzman,marisa.pallares.guzman@example.com,M,Trinidad y Tabago,2025-03-08
Ani Peralta Nieto,ani.peralta.nieto@example.com,M,Senegal,2025-09-18
Ricarda Álvaro Águila,ricarda.alvaro.aguila@example.com,M,San Vicente y las Granadinas,2024-09-04
Rosa María Guerra Toledo,rosa.maria.guerra.toledo@example.com,F,México,2024-11-12
Celso Roma Amaya,celso.roma.amaya@example.com,F,Panamá,2024-06-14
Josep Elorza Villar,josep.elorza.villar@example.com,F,Georgia,2025-03-19
Jaime Paniagua Larrea,jaime.paniagua.larrea@example.com,M,Turquía,2025-10-30
Mónica Armengol-Aznar,monica.armengol-aznar@example.com,M,Estados Unidos de América,2025-09-17
Ágata Merche Enríquez Briones,agata.merche.enriquez.briones@example.com,M,Australia,2024-09-06
Eligio Carnero Marin,eligio.carnero.marin@example.com,M,Mozambique,2025-10-19
Ruth Criado Oliver,ruth.criado.oliver@example.com,M,Islandia,2024-02-25
Pastor Donaire Crespi,pastor.donaire.crespi@example.com,M,República Democrática del Congo,2025-11-02
Visitación Palomares Pastor,visitacion.palomares.pastor@example.com,F,Maldivas,2025-03-19
Marc Carrillo Roca,marc.carrillo.roca@example.com,M,El Salvador,2025-09-29
Etelvina Sánchez Viñas,etelvina.sanchez.vinas@example.com,M,Liberia,2024-02-16
Nerea Acero Polo,nerea.acero.polo@example.com,F,Alemania,2024-04-10
Diana Ballester Noriega,diana.ballester.noriega@example.com,F,Malta,2024-02-09
Eva Larrañaga Gilabert,eva.larranaga.gilabert@example.com,F,México,2024-10-12
Domingo Pozo Roura,domingo.pozo.roura@example.com,F,República Árabe Siria,2025-01-22
Mateo Carrasco Crespo,mateo.carrasco.crespo@example.com,F,Seychelles,2025-04-27
Fito Pallarès Llobet,fito.pallares.llobet@example.com,F,Ucrania,2024-01-27
Jenaro de Valero,jenaro.de.valero@example.com,M,República Popular Democrática de Corea,2024-06-06
Casandra Martin Serrano,casandra.martin.serrano@example.com,F,Lituania,2024-11-28
Celestina Fuentes,celestina.fuentes@example.com,F,Chipre,2024-08-29
Matías Palomo Abad,matias.palomo.abad@example.com,F,República Checa,2024-10-13
Sosimo Escrivá Company,sosimo.escriva.company@example.com,M,Guinea Bissau,2024-06-15
Emiliana Nogués,emiliana.nogues@example.com,F,Venezuela,2025-08-03
Florina Almeida Martin,florina.almeida.martin@example.com,F,Namibia,2025-11-09
Amaya Benita Morillo Cañizares,amaya.benita.morillo.canizares@example.com,M,Bulgaria,2024-10-16
María Carmen Piñeiro Durán,maria.carmen.pineiro.duran@example.com,M,San Marino,2024-05-25
Cruz Sancho,cruz.sancho@example.com,M,Bosnia y Herzegovina,2023-12-25
Marcial Campos Soria,marcial.campos.soria@example.com,M,Mali,2025-02-22
Bibiana Guerrero-Saavedra,bibiana.guerrero-saavedra@example.com,F,Afganistán,2025-11-22
Nieves Garay-Sevilla,nieves.garay-sevilla@example.com,F,Grecia,2025-04-24
Leonardo Benjamín Puig Ayllón,leonardo.benjamin.puig.ayllon@example.com,F,Lesotho,2024-06-13
Graciana España Morante,graciana.espana.morante@example.com,M,Kazajstán,2024-11-20
Edu Jordá Gomila,edu.jorda.gomila@example.com,F,Singapur,2024-01-17
Candelas de Barreda,candelas.de.barreda@example.com,M,Israel,2025-01-21
Eli de Dueñas,eli.de.duenas@example.com,M,Bélgica,2025-08-06
Liliana Cadenas Ferrándiz,liliana.cadenas.ferrandiz@example.com,M,Georgia,2024-01-05
Manolo Sotelo Peñalver,manolo.sotelo.penalver@example.com,F,Kirguistán,2025-02-17
Paulino Cifuentes Saura,paulino.cifuentes.saura@example.com,F,Zimbabwe,2024-12-09
Flavia de Tormo,flavia.de.tormo@example.com,F,San Vicente y las Granadinas,2024-02-07
Anunciación del Chamorro,anunciacion.del.chamorro@example.com,M,Côte d'Ivoire,2025-03-22
Aitor Nogués Pons,aitor.nogues.pons@example.com,M,Mongolia,2025-03-14
Angelina de Valera,angelina.de.valera@example.com,F,Ucrania,2024-08-15
Mónica Galiano Roldan,monica.galiano.roldan@example.com,M,Irlanda,2024-08-08
Mariana Carvajal Gilabert,mariana.carvajal.gilabert@example.com,M,Portugal,2023-12-13
Leire Téllez-Farré,leire.tellez-farre@example.com,F,Micronesia,2025-06-24
Adriana Pablo Miralles,adriana.pablo.miralles@example.com,M,República Checa,2025-01-30
Casandra de Criado,casandra.de.criado@example.com,F,Turquía,2025-05-28
Tristán Trillo Sánchez,tristan.trillo.sanchez@example.com,M,Reino Unido de Gran Bretaña e Irlanda del Norte,2025-09-26
Benita de Nebot,benita.de.nebot@example.com,F,Argelia,2024-01-04
Andrea Céspedes Sarmiento,andrea.cespedes.sarmiento@example.com,M,Lesotho,2024-06-14
Duilio Espada Aguiló,duilio.espada.aguilo@example.com,M,Jordania,2025-04-04
Iris Vigil Conesa,iris.vigil.conesa@example.com,M,Uzbekistán,2025-04-12
Ramón Girón,ramon.giron@example.com,M,Jordania,2025-03-20
Moreno Seco Cortés,moreno.seco.cortes@example.com,F,Japón,2025-01-18
Florencia Lorenzo Montesinos,florencia.lorenzo.montesinos@example.com,M,Mali,2025-06-15
Anselmo Anguita Donaire,anselmo.anguita.donaire@example.com,M,República Dominicana,2025-04-10
Victor Hervás Torralba,victor.hervas.torralba@example.com,M,Niger,2024-12-06
Noa Perea Coll,noa.perea.coll@example.com,F,Tonga,2025-05-30
Baltasar Checa-Domínguez,baltasar.checa-dominguez@example.com,M,Tuvalu,2025-07-03
Basilio Fortuny,basilio.fortuny@example.com,F,República de Moldova,2024-07-30
Leandro Lasa Coloma,leandro.lasa.coloma@example.com,M,Bulgaria,2023-12-22
Carmen Viñas Cuenca,carmen.vinas.cuenca@example.com,F,Turkmenistán,2024-08-27
Josué Tomas Sola,josue.tomas.sola@example.com,M,Noruega,2024-01-20
Rosalía Bernad Pombo,rosalia.bernad.pombo@example.com,F,Lituania,2025-08-27
Victor Manuel Verdú Batlle,victor.manuel.verdu.batlle@example.com,M,Brunei Darussalam,2025-07-24
Albano Páez Falcón,albano.paez.falcon@example.com,F,Singapur,2023-12-21
Herminio Mate-Cisneros,herminio.mate-cisneros@example.com,M,República Dominicana,2024-05-05
Isa Ortega-Ballester,isa.ortega-ballester@example.com,M,Emiratos Árabes Unidos,2023-12-18
Cesar Maestre-Miguel,cesar.maestre-miguel@example.com,F,República de Corea,2025-08-09
Francisco Jose Cuadrado,francisco.jose.cuadrado@example.com,F,Irán,2024-03-09
Benigna Yáñez Gálvez,benigna.yanez.galvez@example.com,M,Tuvalu,2025-10-05
Magdalena Llorens Alcolea,magdalena.llorens.alcolea@example.com,M,República Democrática del Congo,2025-08-02
Joan Zorrilla Ramírez,joan.zorrilla.ramirez@example.com,M,Malta,2025-08-22
Cintia Priego Manso,cintia.priego.manso@example.com,F,Finlandia,2024-09-03
Jose Francisco Dueñas Gomila,jose.francisco.duenas.gomila@example.com,M,Gambia,2024-10-11
Buenaventura Alemán Lasa,buenaventura.aleman.lasa@example.com,M,Sudáfrica,2024-10-05
María Luisa Abellán,maria.luisa.abellan@example.com,M,San Vicente y las Granadinas,2025-11-15
Geraldo Cisneros Sevillano,geraldo.cisneros.sevillano@example.com,F,Austria,2025-05-08
Emelina Segura Bosch,emelina.segura.bosch@example.com,F,Dinamarca,2024-07-17
Fortunato Cobos Escalona,fortunato.cobos.escalona@example.com,M,Japón,2024-03-24
Teodoro Goñi-Olmedo,teodoro.goni-olmedo@example.com,F,Canadá,2024-05-27
Roberto Felipe Sanabria Amor,roberto.felipe.sanabria.amor@example.com,F,Congo,2024-08-03
Lorenzo Morell Salgado,lorenzo.morell.salgado@example.com,F,Bahrein,2025-08-01
Plácido Rebollo Calderon,placido.rebollo.calderon@example.com,M,Tonga,2025-10-16
Javiera Palmira Sancho Nevado,javiera.palmira.sancho.nevado@example.com,M,Serbia,2025-04-25
Seve Plaza Amaya,seve.plaza.amaya@example.com,F,Samoa,2024-07-07
Darío Valero Malo,dario.valero.malo@example.com,F,Singapur,2024-05-08
Carmelita Belén Sevillano Ojeda,carmelita.belen.sevillano.ojeda@example.com,F,Santo Tomé y Príncipe,2024-05-02
Ale Múgica Cerro,ale.mugica.cerro@example.com,F,Armenia,2024-04-02
Jerónimo Santamaría,jeronimo.santamaria@example.com,F,República Checa,2024-10-05
Nereida Marin Arco,nereida.marin.arco@example.com,F,Côte d'Ivoire,2025-06-11
Che del Ferreras,che.del.ferreras@example.com,M,Etiopía,2025-01-29
Guadalupe Martina Fernández Cifuentes,guadalupe.martina.fernandez.cifuentes@example.com,M,Zambia,2024-08-22
Armando Goicoechea Puig,armando.goicoechea.puig@example.com,M,República de Macedonia del Norte,2024-09-12
Marcial Fajardo Caparrós,marcial.fajardo.caparros@example.com,F,Belice,2023-11-26
Renata Agullo Poza,renata.agullo.poza@example.com,M,Congo,2025-07-13
Blanca Fabiola Carrasco Piñol,blanca.fabiola.carrasco.pinol@example.com,F,República Democrática del Congo,2025-01-01
Pastora del Nicolás,pastora.del.nicolas@example.com,M,República de Macedonia del Norte,2024-03-07
Brunilda Manuela Vega Casado,brunilda.manuela.vega.casado@example.com,F,Haití,2024-06-20
Isa Palma-Pareja,isa.palma-pareja@example.com,F,Guinea,2025-11-11
Celia Andreu Torrents,celia.andreu.torrents@example.com,M,Bhután,2024-05-16
Íngrid Cueto Campillo,ingrid.cueto.campillo@example.com,F,Ghana,2025-08-30
Rosalina del Amores,rosalina.del.amores@example.com,F,Timor-Leste,2024-09-07
Adolfo Patiño Baeza,adolfo.patino.baeza@example.com,F,Brasil,2025-03-29
Gilberto Abella,gilberto.abella@example.com,M,Irlanda,2024-11-16
Carmela Gómez,carmela.gomez@example.com,F,Nauru,2025-01-13
Isidora Valdés Baquero,isidora.valdes.baquero@example.com,F,Kiribati,2025-07-03
Amando Mariscal Echeverría,amando.mariscal.echeverria@example.com,M,Turkmenistán,2025-05-24
Nazaret Guerra Gallego,nazaret.guerra.gallego@example.com,M,República de Corea,2025-03-16
Bernardita Peña Cabello,bernardita.pena.cabello@example.com,M,Países Bajos,2025-07-17
Hipólito Cid Tejedor,hipolito.cid.tejedor@example.com,M,San Vicente y las Granadinas,2024-02-13
Luis Guerra Salvà,luis.guerra.salva@example.com,F,Belice,2024-04-28
Jose Carlos Benitez,jose.carlos.benitez@example.com,M,Uzbekistán,2024-03-28
Prudencio Ordóñez,prudencio.ordonez@example.com,F,Islas Salomón,2024-07-10
Prudencio Josué Navarro Casals,prudencio.josue.navarro.casals@example.com,M,Chad,2025-10-13
Mariano Padilla Segarra,mariano.padilla.segarra@example.com,F,Ecuador,2025-03-19
Ariadna del Téllez,ariadna.del.tellez@example.com,M,Sierra Leona,2024-11-22
Chema Chamorro Mascaró,chema.chamorro.mascaro@example.com,F,Sierra Leona,2024-09-23
Amparo Castilla-Conde,amparo.castilla-conde@example.com,F,Nauru,2025-05-27
Armida Mariño Galán,armida.marino.galan@example.com,M,Guatemala,2023-12-04
Palmira Cordero-Pizarro,palmira.cordero-pizarro@example.com,F,Qatar,2024-02-25
Sigfrido Horacio Figuerola Valera,sigfrido.horacio.figuerola.valera@example.com,M,Arabia Saudita,2025-07-31
Lucía Neira Chacón,lucia.neira.chacon@example.com,F,Micronesia,2025-11-13
Santos Perera Ruiz,santos.perera.ruiz@example.com,M,República Checa,2024-06-30
Milagros Reyes-Rivas,milagros.reyes-rivas@example.com,M,Omán,2025-08-10
Violeta de Salvador,violeta.de.salvador@example.com,F,Papua Nueva Guinea,2024-10-26
Emilio del Carreras,emilio.del.carreras@example.com,F,Túnez,2024-08-04
Carmelita Valcárcel Fernandez,carmelita.valcarcel.fernandez@example.com,F,Albania,2024-06-04
Mamen Cabanillas Castilla,mamen.cabanillas.castilla@example.com,M,Egipto,2024-10-15
Nadia Guitart Pedrosa,nadia.guitart.pedrosa@example.com,F,Irán,2025-02-16
Onofre Mora Real,onofre.mora.real@example.com,M,Croacia,2024-05-18
Lucía Hernando Gámez,lucia.hernando.gamez@example.com,F,Brunei Darussalam,2025-01-02
Nacio Piñol Fiol,nacio.pinol.fiol@example.com,F,Colombia,2024-05-20
Inés Sierra Escolano,ines.sierra.escolano@example.com,F,Estados Unidos de América,2024-08-29
Eligia Cazorla-Almeida,eligia.cazorla-almeida@example.com,F,Suriname,2025-06-09
Gregorio Fortuny Higueras,gregorio.fortuny.higueras@example.com,M,República de Moldova,2024-02-24
Fidel Alemany Orozco,fidel.alemany.orozco@example.com,M,Islandia,2024-07-21
Alonso Vilaplana Orozco,alonso.vilaplana.orozco@example.com,M,Canadá,2024-06-30
Edelmira Montes Parra,edelmira.montes.parra@example.com,F,Arabia Saudita,2025-08-13
Isaías Leonel Olmo Reguera,isaias.leonel.olmo.reguera@example.com,M,Países Bajos,2024-12-15
Primitivo Royo Quintana,primitivo.royo.quintana@example.com,M,Guinea Bissau,2024-05-18
Maxi Pepito Izquierdo Campillo,maxi.pepito.izquierdo.campillo@example.com,F,San Marino,2025-10-01
Danilo Marcos Ramos,danilo.marcos.ramos@example.com,M,Mongolia,2025-04-19
Joaquín Quirós Calvet,joaquin.quiros.calvet@example.com,M,Myanmar,2024-01-11
Maximiliano Busquets Moliner,maximiliano.busquets.moliner@example.com,F,San Marino,2025-09-18
Pepito Bernad Pacheco,pepito.bernad.pacheco@example.com,M,República Dominicana,2024-10-06
Martina Delfina Iglesias Barrena,martina.delfina.iglesias.barrena@example.com,F,Panamá,2024-07-06
Ainoa Folch Guitart,ainoa.folch.guitart@example.com,M,China,2024-03-19
Fanny Barroso Montalbán,fanny.barroso.montalban@example.com,M,Palau,2025-07-27
Mireia Riba Martin,mireia.riba.martin@example.com,F,Maldivas,2023-12-13
Juanita Díez Abascal,juanita.diez.abascal@example.com,M,Djibouti,2024-03-29
María de Gisbert,maria.de.gisbert@example.com,M,Serbia,2025-04-10
Xiomara Céspedes,xiomara.cespedes@example.com,M,Guinea Bissau,2025-06-11
Florentino Suarez Manuel,florentino.suarez.manuel@example.com,F,Luxemburgo,2024-06-28
Manu Ocaña,manu.ocana@example.com,F,Israel,2024-09-01
Berto Galvez Losa,berto.galvez.losa@example.com,F,El Salvador,2025-09-23
Fabiana Zamorano Diéguez,fabiana.zamorano.dieguez@example.com,M,San Vicente y las Granadinas,2025-07-06
Rosendo Berrocal Valverde,rosendo.berrocal.valverde@example.com,F,Fiji,2025-02-15
Xiomara Zabala Blázquez,xiomara.zabala.blazquez@example.com,F,Camerún,2024-01-25
Agapito Alex Reig Azorin,agapito.alex.reig.azorin@example.com,F,Angola,2025-10-13
Mario Arnaiz,mario.arnaiz@example.com,M,Noruega,2025-08-18
Ainoa de Amaya,ainoa.de.amaya@example.com,F,Chile,2024-12-30
Alberto Palomares Gonzalo,alberto.palomares.gonzalo@example.com,M,Brunei Darussalam,2024-02-09
Griselda Íngrid Barreda Figuerola,griselda.ingrid.barreda.figuerola@example.com,F,Estados Unidos de América,2025-05-11
Marita Arregui Domínguez,marita.arregui.dominguez@example.com,M,Hungría,2024-06-11
Eric Berenguer Velázquez,eric.berenguer.velazquez@example.com,F,Estados Unidos de América,2024-09-18
Roberta Ángel Gonzalo,roberta.angel.gonzalo@example.com,F,Eslovenia,2024-01-10
Juan Pablo Quirós Sanz,juan.pablo.quiros.sanz@example.com,F,Micronesia,2024-12-02
Begoña Coello Bayo,begona.coello.bayo@example.com,F,Haití,2024-12-18
Héctor Contreras Bayona,hector.contreras.bayona@example.com,M,Brunei Darussalam,2024-03-20
Paulina Mancebo Giménez,paulina.mancebo.gimenez@example.com,M,Tuvalu,2025-09-16
Nuria Roca Alberdi,nuria.roca.alberdi@example.com,M,Pakistán,2024-03-02
Nilo Pont-Rebollo,nilo.pont-rebollo@example.com,M,Filipinas,2024-07-15
Erasmo Folch Bernal,erasmo.folch.bernal@example.com,F,Sudán,2025-02-03
Salomé Ruperta Ortiz Rios,salome.ruperta.ortiz.rios@example.com,F,Líbano,2025-07-02
Nayara Toledo Bru,nayara.toledo.bru@example.com,M,Noruega,2025-01-12
Anunciación del Cabañas,anunciacion.del.cabanas@example.com,F,Chile,2025-02-03
Jenaro Cornejo Blanch,jenaro.cornejo.blanch@example.com,F,México,2024-06-27
Juan Carlos Rueda Hernando,juan.carlos.rueda.hernando@example.com,M,Antigua y Barbuda,2025-07-12
Cayetano de Sanjuan,cayetano.de.sanjuan@example.com,M,Indonesia,2025-11-08
Lupe Pastor Murcia Carbonell,lupe.pastor.murcia.carbonell@example.com,F,Perú,2025-03-06
Eusebia Ramis Valera,eusebia.ramis.valera@example.com,F,Turquía,2024-10-17
Pepita Salazar,pepita.salazar@example.com,F,Malawi,2025-09-21
Sofía Espejo Porta,sofia.espejo.porta@example.com,F,Jamaica,2025-06-27
Lucas Ros Palomino,lucas.ros.palomino@example.com,F,Panamá,2025-01-24
Nerea Pla-Arregui,nerea.pla-arregui@example.com,F,Chad,2024-05-01
Mariano del Arribas,mariano.del.arribas@example.com,F,Croacia,2024-05-21
Vito del Iglesias,vito.del.iglesias@example.com,M,Dominicana,2024-06-15
Alonso del Múñiz,alonso.del.muniz@example.com,F,República Federal Democrática de Nepal,2024-04-06
Abel Gil Villa,abel.gil.villa@example.com,M,Egipto,2024-10-29
Dulce Carmina Larrañaga Bárcena,dulce.carmina.larranaga.barcena@example.com,F,San Vicente y las Granadinas,2024-01-02
Viviana Milagros Carro Bertrán,viviana.milagros.carro.bertran@example.com,F,Uganda,2024-01-20
Benjamín Tamarit Perelló,benjamin.tamarit.perello@example.com,M,Italia,2025-05-30
Juana del Arenas,juana.del.arenas@example.com,F,Micronesia,2024-06-04
Luis Torrijos Salcedo,luis.torrijos.salcedo@example.com,F,Mongolia,2024-10-06
Amaya Soler Zabala,amaya.soler.zabala@example.com,M,Cabo Verde,2025-02-05
Antonia Rius Castellanos,antonia.rius.castellanos@example.com,M,Finlandia,2024-06-03
Adora Barbero Pagès,adora.barbero.pages@example.com,M,Suecia,2023-11-29
Zaida Portillo Valle,zaida.portillo.valle@example.com,F,República Centroafricana,2024-12-26
Nico Pagès Pujol,nico.pages.pujol@example.com,M,Bulgaria,2024-12-08
Ramón del Múgica,ramon.del.mugica@example.com,M,Suecia,2024-09-07
Gervasio Alberdi Lerma,gervasio.alberdi.lerma@example.com,F,Cabo Verde,2024-01-08
Josué Moles Ariza,josue.moles.ariza@example.com,F,Papua Nueva Guinea,2024-02-03
Gabriel Portillo Polo,gabriel.portillo.polo@example.com,F,Andorra,2025-07-23
Óscar Rocamora,oscar.rocamora@example.com,M,Somalia,2024-03-04
Vidal Múñiz Manuel,vidal.muniz.manuel@example.com,M,Indonesia,2024-02-06
Carlito Riba,carlito.riba@example.com,M,Jordania,2024-01-27
Trinidad de Torre,trinidad.de.torre@example.com,F,Estonia,2025-09-24
Virgilio Pozuelo Sola,virgilio.pozuelo.sola@example.com,M,Vanuatu,2024-02-12
Tania Alcázar Castellanos,tania.alcazar.castellanos@example.com,F,Australia,2024-10-02
Edelmiro Armas Segarra,edelmiro.armas.segarra@example.com,M,Uganda,2024-02-12
Anita Barros-Tamayo,anita.barros-tamayo@example.com,M,Croacia,2025-10-18
Inmaculada Fortuny-Llorens,inmaculada.fortuny-llorens@example.com,M,Santo Tomé y Príncipe,2024-04-06
Cristina Torre,cristina.torre@example.com,M,Jamaica,2024-08-21
Genoveva Barbero Frutos,genoveva.barbero.frutos@example.com,F,Eslovenia,2024-07-15
Heraclio Tejedor-Rojas,heraclio.tejedor-rojas@example.com,F,Trinidad y Tabago,2025-08-20
Lourdes Viñas-Camino,lourdes.vinas-camino@example.com,F,República Checa,2024-06-04
Sol Macias,sol.macias@example.com,M,Papua Nueva Guinea,2024-06-22
Marcia Castell-Puerta,marcia.castell-puerta@example.com,F,Sierra Leona,2025-10-26
Gabino Galindo Téllez,gabino.galindo.tellez@example.com,M,República Árabe Siria,2023-12-21
Débora Rosell Palacio,debora.rosell.palacio@example.com,M,Sudán,2025-06-21
Xavier Vega Saavedra,xavier.vega.saavedra@example.com,F,Kiribati,2025-06-08
Mariano Pedro-Maldonado,mariano.pedro-maldonado@example.com,M,China,2025-02-26
Remedios Coll Berrocal,remedios.coll.berrocal@example.com,M,Brasil,2025-08-17
Desiderio Cárdenas Barrio,desiderio.cardenas.barrio@example.com,M,Rumania,2024-03-25
América Pino Barral,america.pino.barral@example.com,M,Dinamarca,2025-02-20
Florentino Artigas-Valcárcel,florentino.artigas-valcarcel@example.com,M,Madagascar,2025-09-10
Cecilio Gomis-Aroca,cecilio.gomis-aroca@example.com,M,Brunei Darussalam,2025-06-02
Alex Vizcaíno Rius,alex.vizcaino.rius@example.com,F,Francia,2025-03-23
Sol Posada Macías,sol.posada.macias@example.com,M,Madagascar,2025-10-17
Teodora Zamora,teodora.zamora@example.com,M,Jordania,2025-10-29
Octavia Manzano Valero,octavia.manzano.valero@example.com,F,Australia,2023-12-11
Arcelia Osuna Franch,arcelia.osuna.franch@example.com,F,Bélgica,2025-07-07
Ariel Luna Torrent Canals,ariel.luna.torrent.canals@example.com,F,Marruecos,2025-05-30
Andrés Felipe Benavent Segura,andres.felipe.benavent.segura@example.com,F,Federación de Rusia,2024-02-21
Carlito Plinio Arellano Cañizares,carlito.plinio.arellano.canizares@example.com,M,Micronesia,2024-11-22
Rebeca Peinado Diéguez,rebeca.peinado.dieguez@example.com,M,Marruecos,2025-05-30
Toño Llopis Estevez,tono.llopis.estevez@example.com,F,Somalia,2025-10-05
Calista Domínguez Raya,calista.dominguez.raya@example.com,M,Guatemala,2024-02-15
Marc del Ramírez,marc.del.ramirez@example.com,M,Vanuatu,2024-08-27
Melchor Lago Fiol,melchor.lago.fiol@example.com,F,Côte d'Ivoire,2024-03-28
Teodoro Eutimio Camps Huerta,teodoro.eutimio.camps.huerta@example.com,F,Perú,2024-05-01
Juan Antonio Parejo Casanovas,juan.antonio.parejo.casanovas@example.com,F,Micronesia,2024-01-14
Benigno del Bonet,benigno.del.bonet@example.com,M,Finlandia,2025-05-23
Anabel Jiménez Araujo,anabel.jimenez.araujo@example.com,M,Polonia,2024-01-12
Celso Molina Cortina,celso.molina.cortina@example.com,M,Niger,2024-04-16
Eufemia Salamanca-Manrique,eufemia.salamanca-manrique@example.com,M,Austria,2024-07-19
Sebastian Segura Villanueva,sebastian.segura.villanueva@example.com,F,Seychelles,2024-11-04
Natividad Noriega Guerra,natividad.noriega.guerra@example.com,M,Islandia,2024-05-23
Eladio Rincón Roda,eladio.rincon.roda@example.com,F,Nigeria,2025-11-16
Zoraida Gual,zoraida.gual@example.com,F,Camerún,2025-06-14
Adora Maite Pedrosa Corbacho,adora.maite.pedrosa.corbacho@example.com,M,Estonia,2024-07-17
Silvio Vázquez Miguel,silvio.vazquez.miguel@example.com,M,Bolivia,2024-11-17
Amado Orozco Rozas,amado.orozco.rozas@example.com,F,Líbano,2025-11-21
Pilar Chico Sarabia,pilar.chico.sarabia@example.com,F,Swazilandia,2025-01-27
Candelario Dalmau Sales,candelario.dalmau.sales@example.com,F,Etiopía,2025-06-12
Andrea Piñeiro,andrea.pineiro@example.com,M,Kirguistán,2025-02-12
Patricia Navas Villa,patricia.navas.villa@example.com,M,Samoa,2024-10-18
Emperatriz Guzman Ramirez,emperatriz.guzman.ramirez@example.com,F,Panamá,2024-09-02
Sandra Chita Pavón Roman,sandra.chita.pavon.roman@example.com,M,República Democrática Popular Lao,2024-07-15
Paca Garay Palomino,paca.garay.palomino@example.com,F,Zimbabwe,2024-05-17
Salud Villalobos,salud.villalobos@example.com,F,Alemania,2025-04-03
Pepita Caparrós Barba,pepita.caparros.barba@example.com,F,Libia,2024-08-15
Juana Leonor Fajardo Borrell,juana.leonor.fajardo.borrell@example.com,M,Kirguistán,2025-03-28
Herberto Pinto Torres,herberto.pinto.torres@example.com,F,Indonesia,2025-09-28
Lucila Gómez Zorrilla,lucila.gomez.zorrilla@example.com,M,Chad,2023-12-03
Gonzalo Nicolau,gonzalo.nicolau@example.com,M,Palau,2025-02-14
Ema Reina Jaume Goñi,ema.reina.jaume.goni@example.com,M,Ucrania,2024-06-24
Flor Viña Duque,flor.vina.duque@example.com,M,Burkina Faso,2024-11-17
Eliana Anaya Crespo,eliana.anaya.crespo@example.com,M,Ucrania,2024-11-17
Luís Toledo Pallarès,luis.toledo.pallares@example.com,F,República Checa,2025-10-23
Juan Francisco Trujillo-López,juan.francisco.trujillo-lopez@example.com,F,Tuvalu,2024-11-07
Agustina del Real,agustina.del.real@example.com,F,Mauricio,2024-12-01
Diana Jódar,diana.jodar@example.com,M,Brunei Darussalam,2024-09-20
Amílcar Novoa Gisbert,amilcar.novoa.gisbert@example.com,M,Chile,2025-06-28
Telmo Peña-Molins,telmo.pena-molins@example.com,F,Singapur,2025-09-20
Jonatan Juan Manuel Pellicer Espinosa,jonatan.juan.manuel.pellicer.espinosa@example.com,F,Benin,2025-03-08
Nazaret Buendía Tejero,nazaret.buendia.tejero@example.com,F,Bosnia y Herzegovina,2024-09-03
Anastasio Madrigal,anastasio.madrigal@example.com,F,Bolivia,2025-10-18
Aurelia del Leal,aurelia.del.leal@example.com,M,Myanmar,2024-03-07
Hernán Juan José Artigas Bayón,hernan.juan.jose.artigas.bayon@example.com,F,Japón,2024-01-11
Dionisia Beltran Bravo,dionisia.beltran.bravo@example.com,M,Dominicana,2024-12-19
Aurelio de Viana,aurelio.de.viana@example.com,M,Cuba,2025-06-14
Ezequiel Álvaro Ricart,ezequiel.alvaro.ricart@example.com,M,Samoa,2025-09-28
Visitación Quevedo-Mariño,visitacion.quevedo-marino@example.com,M,Suiza,2025-06-04
Gracia Gimeno Posada,gracia.gimeno.posada@example.com,F,Chad,2024-11-01
Lucila Barros Bautista,lucila.barros.bautista@example.com,F,Bangladesh,2025-09-29
Mauricio Viana-Colom,mauricio.viana-colom@example.com,F,Zambia,2025-03-12
Oriana Carballo Guerra,oriana.carballo.guerra@example.com,F,Nigeria,2025-02-25
Flor de Ferrera,flor.de.ferrera@example.com,M,República Centroafricana,2023-12-26
Andrea Conde Montserrat,andrea.conde.montserrat@example.com,F,Micronesia,2025-06-27
Miriam Ariel Ros Salvà,miriam.ariel.ros.salva@example.com,F,Paraguay,2024-10-25
Nayara Pou Arnal,nayara.pou.arnal@example.com,M,Haití,2025-08-05
Ruperto Blanca Fuertes,ruperto.blanca.fuertes@example.com,M,Italia,2024-08-18
Ángela Guillén Sainz,angela.guillen.sainz@example.com,M,Guatemala,2025-09-06
Silvia Pomares-Córdoba,silvia.pomares-cordoba@example.com,M,República de Macedonia del Norte,2025-05-19
Arcelia Álvaro Baeza,arcelia.alvaro.baeza@example.com,M,Eritrea,2024-10-01
Aurelio del Gimeno,aurelio.del.gimeno@example.com,F,Micronesia,2025-06-28
África Pino Gracia,africa.pino.gracia@example.com,F,Georgia,2025-06-10
Ramiro Perera-Rovira,ramiro.perera-rovira@example.com,F,Kiribati,2025-09-28
Ismael Linares Figueras,ismael.linares.figueras@example.com,M,Liechtenstein,2025-09-08
Joel Merino Figueras,joel.merino.figueras@example.com,M,Tuvalu,2024-04-24
Mariano Gabaldón Palma,mariano.gabaldon.palma@example.com,M,Chad,2024-07-10
Pía Acero,pia.acero@example.com,M,Zimbabwe,2025-05-26
Mayte Posada Anaya,mayte.posada.anaya@example.com,F,Togo,2025-09-02
Carlos Hernando Domínguez Sáenz,carlos.hernando.dominguez.saenz@example.com,M,Reino Unido de Gran Bretaña e Irlanda del Norte,2025-11-14
Maribel Donaire Nadal,maribel.donaire.nadal@example.com,M,República Árabe Siria,2024-09-03
Paola Acedo Tomé,paola.acedo.tome@example.com,F,Argelia,2025-02-10
Melchor Bárcena Perea,melchor.barcena.perea@example.com,M,Filipinas,2024-11-14
Jordi del Alemany,jordi.del.alemany@example.com,M,Palau,2025-04-05
Águeda Barba Barberá,agueda.barba.barbera@example.com,F,Zimbabwe,2025-09-24
Flavia Benigna Torrent Manrique,flavia.benigna.torrent.manrique@example.com,M,Malta,2024-01-25
Adriana de Prado,adriana.de.prado@example.com,M,Namibia,2025-04-24
América Clavero Leiva,america.clavero.leiva@example.com,M,Mali,2025-06-05
Paulina Alfonso-Gámez,paulina.alfonso-gamez@example.com,M,República de Macedonia del Norte,2024-07-17
Nico Puga Balaguer,nico.puga.balaguer@example.com,F,Iraq,2025-03-09
Leyre Arroyo Ballester,leyre.arroyo.ballester@example.com,F,Suriname,2024-09-15
Domingo Santos-Royo,domingo.santos-royo@example.com,M,Kiribati,2025-11-07
Consuela Batlle Blanes,consuela.batlle.blanes@example.com,M,Barbados,2024-12-14
Roque Catalán Herranz,roque.catalan.herranz@example.com,F,Dominicana,2025-04-09
Diana del Guerra,diana.del.guerra@example.com,M,Armenia,2025-06-15
Cecilio del Acuña,cecilio.del.acuna@example.com,F,Honduras,2025-01-06
Modesta Gisbert-Quero,modesta.gisbert-quero@example.com,F,Burkina Faso,2024-05-31
Eligia Cazorla Varela,eligia.cazorla.varela@example.com,M,Canadá,2024-11-16
Zaida Arellano Iglesias,zaida.arellano.iglesias@example.com,F,Panamá,2024-12-29
Eutropio Lastra Mateos,eutropio.lastra.mateos@example.com,M,Emiratos Árabes Unidos,2025-09-01
Marciano Sabater,marciano.sabater@example.com,F,Bahamas,2025-08-18
Perla Vilar Maestre,perla.vilar.maestre@example.com,F,Gabón,2024-09-19
María Jesús Robles Lluch,maria.jesus.robles.lluch@example.com,F,Uruguay,2024-01-01
Samuel Solera Coloma,samuel.solera.coloma@example.com,M,Mali,2025-07-06
Baltasar del Estévez,baltasar.del.estevez@example.com,F,Etiopía,2025-04-03
Cloe Bayona Rincón,cloe.bayona.rincon@example.com,F,Australia,2024-02-26
